
<entities xmlns:xsd="http://www.w3.org/2001/XMLSchema" xmlns:xsi="http://www.w3.org/2001/XMLSchema-instance" timestamp="2020-03-01T21:33:22.1118626Z">
  <entity name="team" displayname="Team">
    <records>
      <record id="8645d631-ab6c-e911-a825-000d3a315bf6">
        <field name="administratorid" value="d86329c8-bd4b-e911-a822-000d3a315225" lookupentity="systemuser" lookupentityname="Eugene Polianovskyi" />
        <field name="businessunitid" value="741b2f1f-2f48-e911-a974-000d3a37fe2a" lookupentity="businessunit" lookupentityname="orgcf0d58c6" />
        <field name="queueid" value="8745d631-ab6c-e911-a825-000d3a315bf6" lookupentity="queue" lookupentityname="&lt;Gate 1 Team&gt;" />
        <field name="exchangerate" value="1.0000000000" />
        <field name="isdefault" value="False" />
        <field name="systemmanaged" value="False" />
        <field name="teamid" value="8645d631-ab6c-e911-a825-000d3a315bf6" />
        <field name="name" value="Gate 1 Team" />
        <field name="teamtype" value="0" />
      </record>
      <record id="63b53344-ab6c-e911-a825-000d3a315bf6">
        <field name="administratorid" value="d86329c8-bd4b-e911-a822-000d3a315225" lookupentity="systemuser" lookupentityname="Eugene Polianovskyi" />
        <field name="businessunitid" value="741b2f1f-2f48-e911-a974-000d3a37fe2a" lookupentity="businessunit" lookupentityname="orgcf0d58c6" />
        <field name="queueid" value="64b53344-ab6c-e911-a825-000d3a315bf6" lookupentity="queue" lookupentityname="&lt;Gate 2 Team&gt;" />
        <field name="exchangerate" value="1.0000000000" />
        <field name="isdefault" value="False" />
        <field name="systemmanaged" value="False" />
        <field name="teamid" value="63b53344-ab6c-e911-a825-000d3a315bf6" />
        <field name="name" value="Gate 2 Team" />
        <field name="teamtype" value="0" />
      </record>
      <record id="b29d8f50-ab6c-e911-a825-000d3a315bf6">
        <field name="administratorid" value="d86329c8-bd4b-e911-a822-000d3a315225" lookupentity="systemuser" lookupentityname="Eugene Polianovskyi" />
        <field name="businessunitid" value="741b2f1f-2f48-e911-a974-000d3a37fe2a" lookupentity="businessunit" lookupentityname="orgcf0d58c6" />
        <field name="queueid" value="b39d8f50-ab6c-e911-a825-000d3a315bf6" lookupentity="queue" lookupentityname="&lt;Gate 3 Team&gt;" />
        <field name="exchangerate" value="1.0000000000" />
        <field name="isdefault" value="False" />
        <field name="systemmanaged" value="False" />
        <field name="teamid" value="b29d8f50-ab6c-e911-a825-000d3a315bf6" />
        <field name="name" value="Gate 3 Team" />
        <field name="teamtype" value="0" />
      </record>
      <record id="2d18703d-5352-e811-a857-000d3a33a7cb">
        <field name="administratorid" value="b2fc11c2-bd4b-e911-a822-000d3a315225" lookupentity="systemuser" lookupentityname="Dynamics Admin" />
        <field name="businessunitid" value="741b2f1f-2f48-e911-a974-000d3a37fe2a" lookupentity="businessunit" lookupentityname="orgcf0d58c6" />
        <field name="queueid" value="869fa17e-4052-ea11-a812-000d3a3b7ee3" lookupentity="queue" lookupentityname="&lt;insight&gt;" />
        <field name="description" value="Default team for the parent business unit. The name and membership for default team are inherited from their parent business unit." />
        <field name="isdefault" value="False" />
        <field name="systemmanaged" value="False" />
        <field name="teamid" value="2d18703d-5352-e811-a857-000d3a33a7cb" />
        <field name="name" value="insight" />
        <field name="teamtype" value="0" />
      </record>
      <record id="4ed3df7e-5e22-ea11-a810-000d3a33f11e">
        <field name="administratorid" value="b2fc11c2-bd4b-e911-a822-000d3a315225" lookupentity="systemuser" lookupentityname="Dynamics Admin" />
        <field name="businessunitid" value="741b2f1f-2f48-e911-a974-000d3a37fe2a" lookupentity="businessunit" lookupentityname="orgcf0d58c6" />
        <field name="queueid" value="26839b7b-4052-ea11-a812-000d3a59862f" lookupentity="queue" lookupentityname="&lt;VP of Ops&gt;" />
        <field name="isdefault" value="False" />
        <field name="systemmanaged" value="False" />
        <field name="teamid" value="4ed3df7e-5e22-ea11-a810-000d3a33f11e" />
        <field name="name" value="VP of Ops" />
        <field name="teamtype" value="0" />
      </record>
      <record id="15e02201-3112-ea11-a811-000d3a33f11e">
        <field name="administratorid" value="b2fc11c2-bd4b-e911-a822-000d3a315225" lookupentity="systemuser" lookupentityname="Dynamics Admin" />
        <field name="businessunitid" value="741b2f1f-2f48-e911-a974-000d3a37fe2a" lookupentity="businessunit" lookupentityname="orgcf0d58c6" />
        <field name="queueid" value="27839b7b-4052-ea11-a812-000d3a59862f" lookupentity="queue" lookupentityname="&lt;Susan&gt;" />
        <field name="isdefault" value="False" />
        <field name="systemmanaged" value="False" />
        <field name="teamid" value="15e02201-3112-ea11-a811-000d3a33f11e" />
        <field name="name" value="Susan" />
        <field name="teamtype" value="0" />
      </record>
      <record id="238494a7-20f3-e911-a813-000d3a33f11e">
        <field name="administratorid" value="b2fc11c2-bd4b-e911-a822-000d3a315225" lookupentity="systemuser" lookupentityname="Dynamics Admin" />
        <field name="businessunitid" value="741b2f1f-2f48-e911-a974-000d3a37fe2a" lookupentity="businessunit" lookupentityname="orgcf0d58c6" />
        <field name="queueid" value="859fa17e-4052-ea11-a812-000d3a3b7ee3" lookupentity="queue" lookupentityname="&lt;Carrier admin team&gt;" />
        <field name="isdefault" value="False" />
        <field name="systemmanaged" value="False" />
        <field name="teamid" value="238494a7-20f3-e911-a813-000d3a33f11e" />
        <field name="name" value="Carrier admin team" />
        <field name="teamtype" value="0" />
      </record>
      <record id="e6e79de6-eb1b-ea11-a811-000d3a33f7ca">
        <field name="administratorid" value="b2fc11c2-bd4b-e911-a822-000d3a315225" lookupentity="systemuser" lookupentityname="Dynamics Admin" />
        <field name="businessunitid" value="741b2f1f-2f48-e911-a974-000d3a37fe2a" lookupentity="businessunit" lookupentityname="orgcf0d58c6" />
        <field name="queueid" value="2f839b7b-4052-ea11-a812-000d3a59862f" lookupentity="queue" lookupentityname="&lt;IT Admin&gt;" />
        <field name="isdefault" value="False" />
        <field name="systemmanaged" value="False" />
        <field name="teamid" value="e6e79de6-eb1b-ea11-a811-000d3a33f7ca" />
        <field name="name" value="IT Admin" />
        <field name="teamtype" value="0" />
      </record>
      <record id="6fe6456e-8ef9-e911-a813-000d3a33f7ca">
        <field name="administratorid" value="b2fc11c2-bd4b-e911-a822-000d3a315225" lookupentity="systemuser" lookupentityname="Dynamics Admin" />
        <field name="businessunitid" value="741b2f1f-2f48-e911-a974-000d3a37fe2a" lookupentity="businessunit" lookupentityname="orgcf0d58c6" />
        <field name="queueid" value="2b839b7b-4052-ea11-a812-000d3a59862f" lookupentity="queue" lookupentityname="&lt;Carrier Services&gt;" />
        <field name="isdefault" value="False" />
        <field name="systemmanaged" value="False" />
        <field name="teamid" value="6fe6456e-8ef9-e911-a813-000d3a33f7ca" />
        <field name="name" value="Carrier Services" />
        <field name="teamtype" value="0" />
      </record>
      <record id="aa584658-7df3-e911-a813-000d3a33fa25">
        <field name="administratorid" value="b2fc11c2-bd4b-e911-a822-000d3a315225" lookupentity="systemuser" lookupentityname="Dynamics Admin" />
        <field name="businessunitid" value="741b2f1f-2f48-e911-a974-000d3a37fe2a" lookupentity="businessunit" lookupentityname="orgcf0d58c6" />
        <field name="queueid" value="2a839b7b-4052-ea11-a812-000d3a59862f" lookupentity="queue" lookupentityname="&lt;Patient Services Team&gt;" />
        <field name="isdefault" value="False" />
        <field name="systemmanaged" value="False" />
        <field name="teamid" value="aa584658-7df3-e911-a813-000d3a33fa25" />
        <field name="name" value="Patient Services Team" />
        <field name="teamtype" value="0" />
      </record>
      <record id="3b28e7f8-d7da-e911-a98a-000d3a3702ca">
        <field name="administratorid" value="b2fc11c2-bd4b-e911-a822-000d3a315225" lookupentity="systemuser" lookupentityname="Dynamics Admin" />
        <field name="businessunitid" value="741b2f1f-2f48-e911-a974-000d3a37fe2a" lookupentity="businessunit" lookupentityname="orgcf0d58c6" />
        <field name="queueid" value="33839b7b-4052-ea11-a812-000d3a59862f" lookupentity="queue" lookupentityname="&lt;Analytics&gt;" />
        <field name="isdefault" value="False" />
        <field name="systemmanaged" value="False" />
        <field name="teamid" value="3b28e7f8-d7da-e911-a98a-000d3a3702ca" />
        <field name="name" value="Analytics" />
        <field name="teamtype" value="0" />
      </record>
      <record id="b1c76e71-f340-e911-a977-000d3a37043b">
        <field name="administratorid" value="b2fc11c2-bd4b-e911-a822-000d3a315225" lookupentity="systemuser" lookupentityname="Dynamics Admin" />
        <field name="businessunitid" value="741b2f1f-2f48-e911-a974-000d3a37fe2a" lookupentity="businessunit" lookupentityname="orgcf0d58c6" />
        <field name="queueid" value="8b9fa17e-4052-ea11-a812-000d3a3b7ee3" lookupentity="queue" lookupentityname="&lt;Material manager&gt;" />
        <field name="isdefault" value="False" />
        <field name="systemmanaged" value="False" />
        <field name="teamid" value="b1c76e71-f340-e911-a977-000d3a37043b" />
        <field name="name" value="Material manager" />
        <field name="teamtype" value="0" />
      </record>
      <record id="9128f23b-d06f-e911-a97d-000d3a37043b">
        <field name="administratorid" value="b2fc11c2-bd4b-e911-a822-000d3a315225" lookupentity="systemuser" lookupentityname="Dynamics Admin" />
        <field name="businessunitid" value="741b2f1f-2f48-e911-a974-000d3a37fe2a" lookupentity="businessunit" lookupentityname="orgcf0d58c6" />
        <field name="queueid" value="899fa17e-4052-ea11-a812-000d3a3b7ee3" lookupentity="queue" lookupentityname="&lt;Implementation Mgr&gt;" />
        <field name="isdefault" value="False" />
        <field name="systemmanaged" value="False" />
        <field name="teamid" value="9128f23b-d06f-e911-a97d-000d3a37043b" />
        <field name="name" value="Implementation Mgr" />
        <field name="teamtype" value="0" />
      </record>
      <record id="6dfe5f66-3026-e911-a979-000d3a37062b">
        <field name="administratorid" value="b2fc11c2-bd4b-e911-a822-000d3a315225" lookupentity="systemuser" lookupentityname="Dynamics Admin" />
        <field name="businessunitid" value="741b2f1f-2f48-e911-a974-000d3a37fe2a" lookupentity="businessunit" lookupentityname="orgcf0d58c6" />
        <field name="queueid" value="31839b7b-4052-ea11-a812-000d3a59862f" lookupentity="queue" lookupentityname="&lt;Auth Specialists&gt;" />
        <field name="isdefault" value="False" />
        <field name="systemmanaged" value="False" />
        <field name="teamid" value="6dfe5f66-3026-e911-a979-000d3a37062b" />
        <field name="name" value="Auth Specialists" />
        <field name="teamtype" value="0" />
      </record>
      <record id="f58d33f2-a2d3-e911-a98a-000d3a370909">
        <field name="administratorid" value="b2fc11c2-bd4b-e911-a822-000d3a315225" lookupentity="systemuser" lookupentityname="Dynamics Admin" />
        <field name="businessunitid" value="741b2f1f-2f48-e911-a974-000d3a37fe2a" lookupentity="businessunit" lookupentityname="orgcf0d58c6" />
        <field name="queueid" value="35839b7b-4052-ea11-a812-000d3a59862f" lookupentity="queue" lookupentityname="&lt;Finance team&gt;" />
        <field name="isdefault" value="False" />
        <field name="systemmanaged" value="False" />
        <field name="teamid" value="f58d33f2-a2d3-e911-a98a-000d3a370909" />
        <field name="name" value="Finance team" />
        <field name="teamtype" value="0" />
      </record>
      <record id="751b2f1f-2f48-e911-a974-000d3a37fe2a">
        <field name="administratorid" value="d9045c52-e2cf-e911-a840-000d3a315225" lookupentity="systemuser" lookupentityname="Alexey Posunko" />
        <field name="businessunitid" value="741b2f1f-2f48-e911-a974-000d3a37fe2a" lookupentity="businessunit" lookupentityname="orgcf0d58c6" />
        <field name="queueid" value="761b2f1f-2f48-e911-a974-000d3a37fe2a" lookupentity="queue" lookupentityname="&lt;insight-prd&gt;" />
        <field name="description" value="Default team for the parent business unit. The name and membership for default team are inherited from their parent business unit." />
        <field name="isdefault" value="True" />
        <field name="systemmanaged" value="False" />
        <field name="teamid" value="751b2f1f-2f48-e911-a974-000d3a37fe2a" />
        <field name="name" value="insight-prd" />
        <field name="teamtype" value="0" />
      </record>
      <record id="b1530508-0006-ea11-a811-000d3a3b7d88">
        <field name="administratorid" value="f27991b4-bd4b-e911-a822-000d3a315225" lookupentity="systemuser" lookupentityname="Alexander Basaraba" />
        <field name="businessunitid" value="741b2f1f-2f48-e911-a974-000d3a37fe2a" lookupentity="businessunit" lookupentityname="orgcf0d58c6" />
        <field name="queueid" value="b9530508-0006-ea11-a811-000d3a3b7d88" lookupentity="queue" lookupentityname="&lt;test 2&gt;" />
        <field name="exchangerate" value="1.0000000000" />
        <field name="isdefault" value="False" />
        <field name="systemmanaged" value="False" />
        <field name="teamid" value="b1530508-0006-ea11-a811-000d3a3b7d88" />
        <field name="name" value="test 2" />
        <field name="teamtype" value="0" />
      </record>
      <record id="155cc749-e805-ea11-a811-000d3a598318">
        <field name="administratorid" value="f27991b4-bd4b-e911-a822-000d3a315225" lookupentity="systemuser" lookupentityname="Alexander Basaraba" />
        <field name="businessunitid" value="741b2f1f-2f48-e911-a974-000d3a37fe2a" lookupentity="businessunit" lookupentityname="orgcf0d58c6" />
        <field name="queueid" value="165cc749-e805-ea11-a811-000d3a598318" lookupentity="queue" lookupentityname="&lt;Case Managers&gt;" />
        <field name="exchangerate" value="1.0000000000" />
        <field name="isdefault" value="False" />
        <field name="systemmanaged" value="False" />
        <field name="teamid" value="155cc749-e805-ea11-a811-000d3a598318" />
        <field name="name" value="Case Managers" />
        <field name="teamtype" value="0" />
      </record>
      <record id="34018531-7930-ea11-a810-000d3a59862f">
        <field name="administratorid" value="870ad42f-ee70-e911-a829-000d3a315581" lookupentity="systemuser" lookupentityname="crm365svc #" />
        <field name="businessunitid" value="741b2f1f-2f48-e911-a974-000d3a37fe2a" lookupentity="businessunit" lookupentityname="orgcf0d58c6" />
        <field name="queueid" value="48018531-7930-ea11-a810-000d3a59862f" lookupentity="queue" lookupentityname="&lt;Cash Posting&gt;" />
        <field name="exchangerate" value="1.0000000000" />
        <field name="isdefault" value="False" />
        <field name="systemmanaged" value="False" />
        <field name="teamid" value="34018531-7930-ea11-a810-000d3a59862f" />
        <field name="name" value="Cash Posting" />
        <field name="teamtype" value="0" />
      </record>
      <record id="1688753d-7930-ea11-a810-000d3a59862f">
        <field name="administratorid" value="870ad42f-ee70-e911-a829-000d3a315581" lookupentity="systemuser" lookupentityname="crm365svc #" />
        <field name="businessunitid" value="741b2f1f-2f48-e911-a974-000d3a37fe2a" lookupentity="businessunit" lookupentityname="orgcf0d58c6" />
        <field name="queueid" value="1888753d-7930-ea11-a810-000d3a59862f" lookupentity="queue" lookupentityname="&lt;Materials Management&gt;" />
        <field name="exchangerate" value="1.0000000000" />
        <field name="isdefault" value="False" />
        <field name="systemmanaged" value="False" />
        <field name="teamid" value="1688753d-7930-ea11-a810-000d3a59862f" />
        <field name="name" value="Materials Management" />
        <field name="teamtype" value="0" />
      </record>
      <record id="0cc96d43-7930-ea11-a810-000d3a59862f">
        <field name="administratorid" value="870ad42f-ee70-e911-a829-000d3a315581" lookupentity="systemuser" lookupentityname="crm365svc #" />
        <field name="businessunitid" value="741b2f1f-2f48-e911-a974-000d3a37fe2a" lookupentity="businessunit" lookupentityname="orgcf0d58c6" />
        <field name="queueid" value="0dc96d43-7930-ea11-a810-000d3a59862f" lookupentity="queue" lookupentityname="&lt;Manufacturer / Distributor&gt;" />
        <field name="exchangerate" value="1.0000000000" />
        <field name="isdefault" value="False" />
        <field name="systemmanaged" value="False" />
        <field name="teamid" value="0cc96d43-7930-ea11-a810-000d3a59862f" />
        <field name="name" value="Manufacturer / Distributor" />
        <field name="teamtype" value="0" />
      </record>
      <record id="a10c6649-7930-ea11-a810-000d3a59862f">
        <field name="administratorid" value="870ad42f-ee70-e911-a829-000d3a315581" lookupentity="systemuser" lookupentityname="crm365svc #" />
        <field name="businessunitid" value="741b2f1f-2f48-e911-a974-000d3a37fe2a" lookupentity="businessunit" lookupentityname="orgcf0d58c6" />
        <field name="queueid" value="a40c6649-7930-ea11-a810-000d3a59862f" lookupentity="queue" lookupentityname="&lt;Medical Policy&gt;" />
        <field name="exchangerate" value="1.0000000000" />
        <field name="isdefault" value="False" />
        <field name="systemmanaged" value="False" />
        <field name="teamid" value="a10c6649-7930-ea11-a810-000d3a59862f" />
        <field name="name" value="Medical Policy" />
        <field name="teamtype" value="0" />
      </record>
      <record id="2715634f-7930-ea11-a810-000d3a59862f">
        <field name="administratorid" value="870ad42f-ee70-e911-a829-000d3a315581" lookupentity="systemuser" lookupentityname="crm365svc #" />
        <field name="businessunitid" value="741b2f1f-2f48-e911-a974-000d3a37fe2a" lookupentity="businessunit" lookupentityname="orgcf0d58c6" />
        <field name="queueid" value="2915634f-7930-ea11-a810-000d3a59862f" lookupentity="queue" lookupentityname="&lt;Pre-Bill Audit&gt;" />
        <field name="exchangerate" value="1.0000000000" />
        <field name="isdefault" value="False" />
        <field name="systemmanaged" value="False" />
        <field name="teamid" value="2715634f-7930-ea11-a810-000d3a59862f" />
        <field name="name" value="Pre-Bill Audit" />
        <field name="teamtype" value="0" />
      </record>
      <record id="75f55b55-7930-ea11-a810-000d3a59862f">
        <field name="administratorid" value="870ad42f-ee70-e911-a829-000d3a315581" lookupentity="systemuser" lookupentityname="crm365svc #" />
        <field name="businessunitid" value="741b2f1f-2f48-e911-a974-000d3a37fe2a" lookupentity="businessunit" lookupentityname="orgcf0d58c6" />
        <field name="queueid" value="77f55b55-7930-ea11-a810-000d3a59862f" lookupentity="queue" lookupentityname="&lt;Branding&gt;" />
        <field name="exchangerate" value="1.0000000000" />
        <field name="isdefault" value="False" />
        <field name="systemmanaged" value="False" />
        <field name="teamid" value="75f55b55-7930-ea11-a810-000d3a59862f" />
        <field name="name" value="Branding" />
        <field name="teamtype" value="0" />
      </record>
      <record id="950a3f73-7930-ea11-a810-000d3a59862f">
        <field name="administratorid" value="870ad42f-ee70-e911-a829-000d3a315581" lookupentity="systemuser" lookupentityname="crm365svc #" />
        <field name="businessunitid" value="741b2f1f-2f48-e911-a974-000d3a37fe2a" lookupentity="businessunit" lookupentityname="orgcf0d58c6" />
        <field name="queueid" value="9b0a3f73-7930-ea11-a810-000d3a59862f" lookupentity="queue" lookupentityname="&lt;PO Communication&gt;" />
        <field name="exchangerate" value="1.0000000000" />
        <field name="isdefault" value="False" />
        <field name="systemmanaged" value="False" />
        <field name="teamid" value="950a3f73-7930-ea11-a810-000d3a59862f" />
        <field name="name" value="PO Communication" />
        <field name="teamtype" value="0" />
      </record>
      <record id="8c4112c2-7930-ea11-a810-000d3a59862f">
        <field name="administratorid" value="ec6329c8-bd4b-e911-a822-000d3a315225" lookupentity="systemuser" lookupentityname="Sharon Brady" />
        <field name="businessunitid" value="741b2f1f-2f48-e911-a974-000d3a37fe2a" lookupentity="businessunit" lookupentityname="orgcf0d58c6" />
        <field name="queueid" value="8d4112c2-7930-ea11-a810-000d3a59862f" lookupentity="queue" lookupentityname="&lt;Intake&gt;" />
        <field name="description" value="Stage 1 PIF " />
        <field name="exchangerate" value="1.0000000000" />
        <field name="isdefault" value="False" />
        <field name="systemmanaged" value="False" />
        <field name="teamid" value="8c4112c2-7930-ea11-a810-000d3a59862f" />
        <field name="name" value="Intake" />
        <field name="teamtype" value="0" />
      </record>
      <record id="271108ce-7930-ea11-a810-000d3a59862f">
        <field name="administratorid" value="870ad42f-ee70-e911-a829-000d3a315581" lookupentity="systemuser" lookupentityname="crm365svc #" />
        <field name="businessunitid" value="741b2f1f-2f48-e911-a974-000d3a37fe2a" lookupentity="businessunit" lookupentityname="orgcf0d58c6" />
        <field name="queueid" value="2a1108ce-7930-ea11-a810-000d3a59862f" lookupentity="queue" lookupentityname="&lt;Authorization Specialists&gt;" />
        <field name="exchangerate" value="1.0000000000" />
        <field name="isdefault" value="False" />
        <field name="systemmanaged" value="False" />
        <field name="teamid" value="271108ce-7930-ea11-a810-000d3a59862f" />
        <field name="name" value="Authorization Specialists" />
        <field name="teamtype" value="0" />
      </record>
      <record id="68aa1ad4-7930-ea11-a810-000d3a59862f">
        <field name="administratorid" value="870ad42f-ee70-e911-a829-000d3a315581" lookupentity="systemuser" lookupentityname="crm365svc #" />
        <field name="businessunitid" value="741b2f1f-2f48-e911-a974-000d3a37fe2a" lookupentity="businessunit" lookupentityname="orgcf0d58c6" />
        <field name="queueid" value="6aaa1ad4-7930-ea11-a810-000d3a59862f" lookupentity="queue" lookupentityname="&lt;Carrier Collectors&gt;" />
        <field name="exchangerate" value="1.0000000000" />
        <field name="isdefault" value="False" />
        <field name="systemmanaged" value="False" />
        <field name="teamid" value="68aa1ad4-7930-ea11-a810-000d3a59862f" />
        <field name="name" value="Carrier Collectors" />
        <field name="teamtype" value="0" />
      </record>
      <record id="fc0580e0-7930-ea11-a810-000d3a59862f">
        <field name="administratorid" value="870ad42f-ee70-e911-a829-000d3a315581" lookupentity="systemuser" lookupentityname="crm365svc #" />
        <field name="businessunitid" value="741b2f1f-2f48-e911-a974-000d3a37fe2a" lookupentity="businessunit" lookupentityname="orgcf0d58c6" />
        <field name="queueid" value="fe0580e0-7930-ea11-a810-000d3a59862f" lookupentity="queue" lookupentityname="&lt;Patient Collectors&gt;" />
        <field name="exchangerate" value="1.0000000000" />
        <field name="isdefault" value="False" />
        <field name="systemmanaged" value="False" />
        <field name="teamid" value="fc0580e0-7930-ea11-a810-000d3a59862f" />
        <field name="name" value="Patient Collectors" />
        <field name="teamtype" value="0" />
      </record>
      <record id="e3adf689-f005-ea11-a811-000d3a598a3a">
        <field name="administratorid" value="f27991b4-bd4b-e911-a822-000d3a315225" lookupentity="systemuser" lookupentityname="Alexander Basaraba" />
        <field name="businessunitid" value="741b2f1f-2f48-e911-a974-000d3a37fe2a" lookupentity="businessunit" lookupentityname="orgcf0d58c6" />
        <field name="queueid" value="e5adf689-f005-ea11-a811-000d3a598a3a" lookupentity="queue" lookupentityname="&lt;Test&gt;" />
        <field name="exchangerate" value="1.0000000000" />
        <field name="isdefault" value="False" />
        <field name="systemmanaged" value="False" />
        <field name="teamid" value="e3adf689-f005-ea11-a811-000d3a598a3a" />
        <field name="name" value="Test" />
        <field name="teamtype" value="0" />
      </record>
      <record id="4513be54-0006-ea11-a811-000d3a598a3a">
        <field name="administratorid" value="f27991b4-bd4b-e911-a822-000d3a315225" lookupentity="systemuser" lookupentityname="Alexander Basaraba" />
        <field name="businessunitid" value="741b2f1f-2f48-e911-a974-000d3a37fe2a" lookupentity="businessunit" lookupentityname="orgcf0d58c6" />
        <field name="queueid" value="4813be54-0006-ea11-a811-000d3a598a3a" lookupentity="queue" lookupentityname="&lt;test3&gt;" />
        <field name="exchangerate" value="1.0000000000" />
        <field name="isdefault" value="False" />
        <field name="systemmanaged" value="False" />
        <field name="teamid" value="4513be54-0006-ea11-a811-000d3a598a3a" />
        <field name="name" value="test3" />
        <field name="teamtype" value="0" />
      </record>
      <record id="fcb38e5f-0106-ea11-a811-000d3a598a3a">
        <field name="administratorid" value="f27991b4-bd4b-e911-a822-000d3a315225" lookupentity="systemuser" lookupentityname="Alexander Basaraba" />
        <field name="businessunitid" value="741b2f1f-2f48-e911-a974-000d3a37fe2a" lookupentity="businessunit" lookupentityname="orgcf0d58c6" />
        <field name="queueid" value="fdb38e5f-0106-ea11-a811-000d3a598a3a" lookupentity="queue" lookupentityname="&lt;Test4&gt;" />
        <field name="exchangerate" value="1.0000000000" />
        <field name="isdefault" value="False" />
        <field name="systemmanaged" value="False" />
        <field name="teamid" value="fcb38e5f-0106-ea11-a811-000d3a598a3a" />
        <field name="name" value="Test4" />
        <field name="teamtype" value="0" />
      </record>
      <record id="097d0c1a-0206-ea11-a811-000d3a598a3a">
        <field name="administratorid" value="f27991b4-bd4b-e911-a822-000d3a315225" lookupentity="systemuser" lookupentityname="Alexander Basaraba" />
        <field name="businessunitid" value="741b2f1f-2f48-e911-a974-000d3a37fe2a" lookupentity="businessunit" lookupentityname="orgcf0d58c6" />
        <field name="queueid" value="0a7d0c1a-0206-ea11-a811-000d3a598a3a" lookupentity="queue" lookupentityname="&lt;testtest&gt;" />
        <field name="exchangerate" value="1.0000000000" />
        <field name="isdefault" value="False" />
        <field name="systemmanaged" value="False" />
        <field name="teamid" value="097d0c1a-0206-ea11-a811-000d3a598a3a" />
        <field name="name" value="testtest" />
        <field name="teamtype" value="0" />
      </record>
      <record id="7caf828a-d732-ea11-a813-000d3a598a3a">
        <field name="administratorid" value="870ad42f-ee70-e911-a829-000d3a315581" lookupentity="systemuser" lookupentityname="crm365svc #" />
        <field name="businessunitid" value="741b2f1f-2f48-e911-a974-000d3a37fe2a" lookupentity="businessunit" lookupentityname="orgcf0d58c6" />
        <field name="queueid" value="a4af828a-d732-ea11-a813-000d3a598a3a" lookupentity="queue" lookupentityname="&lt;Maintenance Admin&gt;" />
        <field name="exchangerate" value="1.0000000000" />
        <field name="isdefault" value="False" />
        <field name="systemmanaged" value="False" />
        <field name="teamid" value="7caf828a-d732-ea11-a813-000d3a598a3a" />
        <field name="name" value="Maintenance Admin" />
        <field name="teamtype" value="0" />
      </record>
    </records>
    <m2mrelationships />
  </entity>
  <entity name="businessunit" displayname="Business Unit">
    <records>
      <record id="741b2f1f-2f48-e911-a974-000d3a37fe2a">
        <field name="businessunitid" value="741b2f1f-2f48-e911-a974-000d3a37fe2a" />
      </record>
    </records>
    <m2mrelationships />
  </entity>
  <entity name="systemuser" displayname="User">
    <records>
      <record id="b2fc11c2-bd4b-e911-a822-000d3a315225">
        <field name="systemuserid" value="b2fc11c2-bd4b-e911-a822-000d3a315225" />
      </record>
    </records>
    <m2mrelationships />
  </entity>
</entities>