<entities >
  <entity name="team" displayname="Team" etc="9" primaryidfield="teamid" primarynamefield="name" disableplugins="true" skipupdate="true">
    <fields>
      <field displayname="(Deprecated) Process Stage" name="stageid" type="guid" />
      <field displayname="(Deprecated) Traversed Path" name="traversedpath" type="string" />
      <field displayname="Administrator" name="administratorid" type="entityreference" lookupType="systemuser" />
      <field displayname="Business Unit" name="businessunitid" type="entityreference" lookupType="businessunit" />
      <field displayname="Default Queue" name="queueid" type="entityreference" lookupType="queue" />
      <field displayname="Description" name="description" type="string" />
      <field displayname="Email" name="emailaddress" type="string" />
      <field displayname="Exchange Rate" name="exchangerate" type="decimal" />
      <field displayname="Is Default" name="isdefault" type="bool" />
      <field displayname="Is System Managed" name="systemmanaged" type="bool" />
      <field displayname="Process" name="processid" type="guid" />
      <field displayname="Team" name="teamid" type="guid" primaryKey="true" />
      <field updateCompare="true" displayname="Team Name" name="name" type="string" />
      <field displayname="Team Type" name="teamtype" type="optionsetvalue" />
      <field displayname="Yomi Name" name="yominame" type="string" />
    </fields>
    <relationships />
  </entity>
  <entity name="businessunit" displayname="Business Unit" etc="10" primaryidfield="businessunitid" primarynamefield="name" disableplugins="true" skipupdate="true">
    <fields>
      <field updateCompare="true" displayname="Business Unit" name="businessunitid" type="guid" primaryKey="true" />
    </fields>
  </entity>
  <entity name="systemuser" displayname="User" etc="8" primaryidfield="systemuserid" primarynamefield="fullname" disableplugins="true" skipupdate="true">
    <fields>
      <field updateCompare="true" displayname="User" name="systemuserid" type="guid" primaryKey="true" />
    </fields>
    <filter>&lt;fetch version="1.0" mapping="logical" distinct="false"&gt;
  &lt;entity name="systemuser"&gt;    
    &lt;filter type="and"&gt;
      &lt;condition attribute="fullname" operator="eq" value="Dynamics Admin" /&gt;
    &lt;/filter&gt;
  &lt;/entity&gt;
&lt;/fetch&gt;</filter>
  </entity>
</entities>