<entities >
  <entity name="ipg_gateconfigurationdetail" displayname="Gate Configuration Detail" etc="10387" primaryidfield="ipg_gateconfigurationdetailid" primarynamefield="ipg_name" disableplugins="true">
    <fields>
      <field displayname="Execution Order" name="ipg_executionorder" type="number" customfield="true" />
      <field displayname="Fail Message" name="ipg_failmessage" type="string" customfield="true" />
      <field displayname="Gate Configuration" name="ipg_gateconfigurationid" type="entityreference" lookupType="ipg_gateconfiguration" customfield="true" />
      <field updateCompare="true" displayname="Gate Configuration Detail" name="ipg_gateconfigurationdetailid" type="guid" primaryKey="true" />
      <field displayname="Name" name="ipg_name" type="string" customfield="true" />
      <field displayname="Pass Message" name="ipg_passmessage" type="string" customfield="true" />
      <field displayname="Process" name="ipg_processid" type="entityreference" lookupType="workflow" customfield="true" />
      <field displayname="Severity Level" name="ipg_severitylevel" type="optionsetvalue" customfield="true" />
      <field displayname="Status" name="statecode" type="state" />
      <field displayname="Status Reason" name="statuscode" type="status" />
    </fields>
    <relationships />
  </entity>
  <entity name="ipg_gateconfiguration" displayname="Gate Configuration" etc="10385" primaryidfield="ipg_gateconfigurationid" primarynamefield="ipg_name" disableplugins="true">
    <fields>
      <field displayname="Allow rejection" name="ipg_allowrejection" type="bool" customfield="true" />
      <field displayname="Assign To Team" name="ipg_assigntoteamid" type="entityreference" lookupType="team" customfield="true" />
      <field displayname="Cancel status (Facility)" name="ipg_cancelstatusfacilityid" type="entityreference" lookupType="ipg_casestatusdisplayed" customfield="true" />
      <field displayname="Cancel status (IPG)" name="ipg_cancelstatusipg" type="entityreference" lookupType="ipg_casestatusdisplayed" customfield="true" />
      <field displayname="Case Outcome Failed" name="ipg_caseoutcomefailed" type="optionsetvalue" customfield="true" />
      <field displayname="Case Outcome Passed" name="ipg_caseoutcomepassed" type="optionsetvalue" customfield="true" />
      <field displayname="Decision By Failed" name="ipg_decisionbyfailed" type="optionsetvalue" customfield="true" />
      <field displayname="Decision By Passed" name="ipg_decisionbypassed" type="optionsetvalue" customfield="true" />
      <field displayname="Execution Order" name="ipg_executionorder" type="number" customfield="true" />
      <field updateCompare="true" displayname="Gate Configuration" name="ipg_gateconfigurationid" type="guid" primaryKey="true" />
      <field displayname="Name" name="ipg_name" type="string" customfield="true" />
      <field displayname="Start type" name="ipg_starttype" type="optionsetvalue" customfield="true" />
      <field displayname="Status" name="statecode" type="state" />
      <field displayname="Status Reason" name="statuscode" type="status" />
      <field displayname="Success post process" name="ipg_successpostprocessid" type="entityreference" lookupType="workflow" customfield="true" />
      <field displayname="Visible Tabs on Case" name="ipg_visibletabsoncaseform" type="string" customfield="true" />
    </fields>
    <relationships />
  </entity>
  <entity name="ipg_nextstatementgenerationrule" displayname="Next Statement Generation Rule" etc="10539" primaryidfield="ipg_nextstatementgenerationruleid" primarynamefield="ipg_name" disableplugins="true">
    <fields>
      <field displayname="Carrier Balance" name="ipg_carrierbalance" type="decimal" customfield="true" />
      <field displayname="Carrier Balance Condition" name="ipg_carrierbalanceconditioncode" type="optionsetvalue" customfield="true" />
      <field displayname="Event" name="ipg_eventid" type="entityreference" lookupType="ipg_statementgenerationeventconfiguration" customfield="true" />
      <field displayname="Name" name="ipg_name" type="string" customfield="true" />
      <field displayname="Next Event" name="ipg_nexteventid" type="entityreference" lookupType="ipg_statementgenerationeventconfiguration" customfield="true" />
      <field updateCompare="true" displayname="Next Statement Generation Rule" name="ipg_nextstatementgenerationruleid" type="guid" primaryKey="true" />
      <field displayname="Patient Balance" name="ipg_patientbalance" type="decimal" customfield="true" />
      <field displayname="Patient Balance Condition" name="ipg_patientbalanceconditioncode" type="optionsetvalue" customfield="true" />
      <field displayname="Patient Payment Made" name="ipg_ispatientpaymentmade" type="bool" customfield="true" />
      <field displayname="Status" name="statecode" type="state" />
      <field displayname="Status Reason" name="statuscode" type="status" />
    </fields>
    <relationships />
  </entity>
  <entity name="ipg_statementgenerationeventconfiguration" displayname="Statement Generation Event Configuration" etc="10538" primaryidfield="ipg_statementgenerationeventconfigurationid" primarynamefield="ipg_name" disableplugins="true">
    <fields>
      <field displayname="Due Date Display" name="ipg_duedatedisplay" type="number" customfield="true" />
      <field displayname="Event Due Date (delete)" name="ipg_eventduedate" type="number" customfield="true" />
      <field displayname="Event Due Days End" name="ipg_eventduedaysend" type="number" customfield="true" />
      <field displayname="Event Due Days Start" name="ipg_eventduedaysstart" type="number" customfield="true" />
      <field displayname="Name" name="ipg_name" type="string" customfield="true" />
      <field displayname="Stage" name="ipg_stagecode" type="optionsetvalue" customfield="true" />
      <field updateCompare="true" displayname="Statement Generation Event Configuration" name="ipg_statementgenerationeventconfigurationid" type="guid" primaryKey="true" />
      <field displayname="Status" name="statecode" type="state" />
      <field displayname="Status Reason" name="statuscode" type="status" />
      <field displayname="User Task Due Date (delete)" name="ipg_usertaskduedate" type="number" customfield="true" />
    </fields>
    <relationships />
  </entity>
  <entity name="ipg_taskconfiguration" displayname="Task Configuration" etc="10494" primaryidfield="ipg_taskconfigurationid" primarynamefield="ipg_name" disableplugins="true">
    <fields>
      <field displayname="Create If" name="ipg_createif" type="optionsetvalue" customfield="true" />
      <field displayname="Due Date" name="ipg_duedate" type="number" customfield="true" />
      <field displayname="Gate Configuration Detail" name="ipg_gateconfigurationdetailid" type="entityreference" lookupType="ipg_gateconfigurationdetail" customfield="true" />
      <field displayname="Name" name="ipg_name" type="string" customfield="true" />
      <field displayname="Priority" name="ipg_priority" type="optionsetvalue" customfield="true" />
      <field displayname="Reassign To Team" name="ipg_reassigntoteamid" type="entityreference" lookupType="team" customfield="true" />
      <field displayname="Statement Generation Event" name="ipg_statementgenerationeventid" type="entityreference" lookupType="ipg_statementgenerationeventconfiguration" customfield="true" />
      <field displayname="Status" name="statecode" type="state" />
      <field displayname="Status Reason" name="statuscode" type="status" />
      <field displayname="Subject" name="ipg_subject" type="string" customfield="true" />
      <field updateCompare="true" displayname="Task Configuration" name="ipg_taskconfigurationid" type="guid" primaryKey="true" />
      <field displayname="Task Requirement Type" name="ipg_taskrequirementtypecode" type="optionsetvalue" customfield="true" />
      <field displayname="Task Type" name="ipg_tasktypecode" type="optionsetvalue" customfield="true" />
    </fields>
  </entity>
  <entity name="team" displayname="Team" etc="9" primaryidfield="teamid" primarynamefield="name" disableplugins="true">
    <fields>
      <field displayname="Description" name="description" type="string" />
      <field displayname="Email" name="emailaddress" type="string" />
      <field displayname="Exchange Rate" name="exchangerate" type="decimal" />
      <field displayname="Import Sequence Number" name="importsequencenumber" type="number" />
      <field displayname="Is Default" name="isdefault" type="bool" />
      <field displayname="Is System Managed" name="systemmanaged" type="bool" />
      <field displayname="Process" name="processid" type="guid" />
      <field updateCompare="true" displayname="Team" name="teamid" type="guid" primaryKey="true" />
      <field displayname="Team Name" name="name" type="string" />
      <field displayname="Team Type" name="teamtype" type="optionsetvalue" />
      <field displayname="Threshold" name="ipg_threshold" type="number" customfield="true" />
      <field displayname="Yomi Name" name="yominame" type="string" />
      <field displayname="Administrator" name="administratorid" type="entityreference" lookupType="systemuser" />
    </fields>
  </entity>
  <entity name="ipg_casestatusdisplayed" displayname="Case Status Displayed" etc="10550" primaryidfield="ipg_casestatusdisplayedid" primarynamefield="ipg_name" disableplugins="true">
    <fields>
      <field updateCompare="true" displayname="Case Status Displayed" name="ipg_casestatusdisplayedid" type="guid" primaryKey="true" />
      <field displayname="Status" name="statecode" type="state" />
      <field displayname="Status Displayed Name" name="ipg_name" type="string" customfield="true" />
      <field displayname="Status Reason" name="statuscode" type="status" />
    </fields>
  </entity>
  <entity name="ipg_lifecyclestep" displayname="Lifecycle Step" etc="10562" primaryidfield="ipg_lifecyclestepid" primarynamefield="ipg_name" disableplugins="true">
    <fields>
      <field displayname="Execution Order" name="ipg_executionorder" type="number" customfield="true" />
      <field displayname="Gate Configuration" name="ipg_gateconfigurationid" type="entityreference" lookupType="ipg_gateconfiguration" customfield="true" />
      <field updateCompare="true" displayname="Lifecycle Step" name="ipg_lifecyclestepid" type="guid" primaryKey="true" />
      <field displayname="Name" name="ipg_name" type="string" customfield="true" />
      <field displayname="Start type" name="ipg_starttype" type="optionsetvalue" customfield="true" />
      <field displayname="Status" name="statecode" type="state" />
      <field displayname="Status Reason" name="statuscode" type="status" />
    </fields>
  </entity>
  <entity name="ipg_gateprocessingrule" displayname="Gate Processing Rule" etc="10563" primaryidfield="ipg_gateprocessingruleid" primarynamefield="ipg_name" disableplugins="true">
    <fields>
      <field displayname="Case reason" name="ipg_casereason" type="optionsetvalue" customfield="true" />
      <field displayname="Case State" name="ipg_casestate" type="optionsetvalue" customfield="true" />
      <field displayname="Case Status" name="ipg_casestatus" type="optionsetvalue" customfield="true" />
      <field displayname="Case Status Displayed" name="ipg_casestatusdisplayedid" type="entityreference" lookupType="ipg_casestatusdisplayed" customfield="true" />
      <field displayname="Gate Configuration" name="ipg_gateconfigurationid" type="entityreference" lookupType="ipg_gateconfiguration" customfield="true" />
      <field updateCompare="true" displayname="Gate Processing Rule" name="ipg_gateprocessingruleid" type="guid" primaryKey="true" />
      <field displayname="Lifecycle Step" name="ipg_lifecyclestepid" type="entityreference" lookupType="ipg_lifecyclestep" customfield="true" />
      <field displayname="Name" name="ipg_name" type="string" customfield="true" />
      <field displayname="Next Lifecycle Step" name="ipg_nextlifecyclestepid" type="entityreference" lookupType="ipg_lifecyclestep" customfield="true" />
      <field displayname="Provider status" name="ipg_providerstatus" type="optionsetvalue" customfield="true" />
      <field displayname="Reporting category" name="ipg_reportingcategory" type="optionsetvalue" customfield="true" />
      <field displayname="Severity Level" name="ipg_severitylevel" type="optionsetvalue" customfield="true" />
      <field displayname="Status" name="statecode" type="state" />
      <field displayname="Status Reason" name="statuscode" type="status" />
    </fields>
  </entity>
  <entity name="ipg_casecloseconfiguration" displayname="Case close configuration" etc="10567" primaryidfield="ipg_casecloseconfigurationid" primarynamefield="ipg_name" disableplugins="true">
    <fields>
      <field updateCompare="true" displayname="Case close configuration" name="ipg_casecloseconfigurationid" type="guid" primaryKey="true" />
      <field displayname="Case closure reason" name="ipg_caseclosurereason" type="optionsetvalue" customfield="true" />
      <field displayname="Case closure type" name="ipg_caseclosuretype" type="optionsetvalue" customfield="true" />
      <field displayname="Case display status" name="ipg_casedisplaystatusid" type="entityreference" lookupType="ipg_casestatusdisplayed" customfield="true" />
      <field displayname="Case state" name="ipg_casestate" type="optionsetvalue" customfield="true" />
      <field displayname="Name" name="ipg_name" type="string" customfield="true" />
      <field displayname="Status" name="statecode" type="state" />
      <field displayname="Status Reason" name="statuscode" type="status" />
    </fields>
    <relationships />
  </entity>
  <entity name="ipg_caseholdconfiguration" displayname="Case hold configuration" etc="10568" primaryidfield="ipg_caseholdconfigurationid" primarynamefield="ipg_name" disableplugins="true">
    <fields>
      <field updateCompare="true" displayname="Case hold configuration" name="ipg_caseholdconfigurationid" type="guid" primaryKey="true" />
      <field displayname="Case hold reason" name="ipg_caseholdreason" type="optionsetvalue" customfield="true" />
      <field displayname="Follow up task type" name="ipg_followuptasktype" type="optionsetvalue" customfield="true" />
      <field displayname="Name" name="ipg_name" type="string" customfield="true" />
      <field displayname="Original task type" name="ipg_originaltasktype" type="optionsetvalue" customfield="true" />
      <field displayname="Status" name="statecode" type="state" />
      <field displayname="Status Reason" name="statuscode" type="status" />
    </fields>
    <relationships>
      <relationship name="ipg_ipg_caseholdconfiguration_ipg_casestatu" manyToMany="true" relatedEntityName="ipg_ipg_caseholdconfiguration_ipg_casestatu" m2mTargetEntity="ipg_casestatusdisplayed" m2mTargetEntityPrimaryKey="ipg_casestatusdisplayedid" />
    </relationships>
  </entity>
  <entity name="systemuser" displayname="User" etc="8" primaryidfield="systemuserid" primarynamefield="fullname" disableplugins="true">
    <fields>
      <field displayname="User" name="systemuserid" type="guid" primaryKey="true" />
      <field updateCompare="true" displayname="Primary Email" name="internalemailaddress" type="string" />
    </fields>
	<filter>&lt;fetch version="1.0" mapping="logical" distinct="false"&gt;
  &lt;entity name="systemuser"&gt;    
    &lt;filter type="and"&gt;
      &lt;condition attribute="fullname" operator="eq" value="Dynamics Admin" /&gt;
    &lt;/filter&gt;
  &lt;/entity&gt;
&lt;/fetch&gt;</filter>
  </entity>
</entities>