<entities >
  <entity name="msdyn_documentdbds" displayname="DocumentDB API Data Source" etc="10202" primaryidfield="msdyn_documentdbdsid" primarynamefield="msdyn_name" disableplugins="false">
    <fields>
      <field updateCompare="true" displayname="Name" name="msdyn_name" type="string" customfield="true" />
	  <field displayname="Timeout in seconds" name="msdyn_timeout" type="number" customfield="true" />
	  	  <field displayname="Collection Name" name="msdyn_databaseid" type="string" customfield="true" />
		  	  <field displayname="Uri" name="msdyn_uri" type="string" customfield="true" />
			  	  <field displayname="Authorization Key" name="msdyn_authkey" type="string" customfield="true" />
				  	  <field displayname="Description" name="msdyn_description" type="string" customfield="true" />
					  		<field displayname="DocumentDB Data Source" name="msdyn_documentdbdsid" type="guid" customfield="true" />
    </fields>
  </entity>
</entities>