
<entities xmlns:xsd="http://www.w3.org/2001/XMLSchema" xmlns:xsi="http://www.w3.org/2001/XMLSchema-instance" timestamp="2020-02-28T13:22:02.6315815Z">
  <entity name="msdyn_documentdbds" displayname="DocumentDB API Data Source">
    <records>
      <record id="bc5ec185-d1c4-e811-a96c-000d3a37062b">
        <field name="msdyn_name" value="EBV Cosmos DB" />
        <field name="msdyn_databaseid" value="EBV" />
        <field name="msdyn_uri" value="https://insight-cosmosdb01-prd.documents.azure.com:443/" />
        <field name="msdyn_authkey" value="CfyA9m8KbX46mu6lEZM3dyh9HwgKUTmWwAow2md870T9LmRTl9ZjDpIhNvx26laavnwN8NHi1GrSRKU6DZUHUg==" />
        <field name="msdyn_documentdbdsid" value="bc5ec185-d1c4-e811-a96c-000d3a37062b" />
      </record>
      <record id="1a39e65a-f663-e811-a960-000d3a370868">
        <field name="msdyn_name" value="EHRIntake Cosmos DB" />
        <field name="msdyn_timeout" value="30" />
        <field name="msdyn_databaseid" value="EHRIntake" />
        <field name="msdyn_uri" value="https://insight-cosmosdb01-dev.documents.azure.com:443" />
        <field name="msdyn_documentdbdsid" value="1a39e65a-f663-e811-a960-000d3a370868" />
      </record>
      <record id="03cc7e44-55e4-e911-a98c-000d3a370909">
        <field name="msdyn_name" value="EBV Cosmos DB (delete)" />
        <field name="msdyn_databaseid" value="EBV" />
        <field name="msdyn_uri" value="https://insight-cosmosdb01-dev.documents.azure.com:443/" />
        <field name="msdyn_documentdbdsid" value="03cc7e44-55e4-e911-a98c-000d3a370909" />
      </record>
    </records>
    <m2mrelationships />
  </entity>
</entities>