<ImportExportXml xmlns:xsi="http://www.w3.org/2001/XMLSchema-instance">
  <Entities>
    <Entity>
      <Name LocalizedName="Contact" OriginalName="">Contact</Name>
      <FormXml>
        <forms type="main">
          <systemform>
            <formid>{1fed44d1-ae68-4a41-bd2b-f13acac4acfa}</formid>
            <IntroducedVersion>5.0.0.0</IntroducedVersion>
            <FormPresentation>1</FormPresentation>
            <FormActivationState>1</FormActivationState>
            <form showImage="true" shownavigationbar="true" maxWidth="1920" solutionaction="Modified">
              <tabs>
                <tab name="SUMMARY_TAB" id="{15bb2d4b-71da-74ea-3c5b-e497d78a55a2}" IsUserDefined="0" showlabel="true" expanded="true" ordinalvalue="0">
                  <columns>
                    <column width="33%" id="0">
                      <sections>
                        <section name="CONTACT_INFORMATION" showlabel="true" showbar="false" id="{9d943649-0387-1882-caa1-36de40d5a86c}" IsUserDefined="0" layout="varwidth" columns="1" labelwidth="115" celllabelposition="Left" ordinalvalue="0">
                          <rows>
                            <row>
                              <cell id="{542e581d-cca1-5e40-e6d9-d67a9d1468b4}" showlabel="true" locklevel="0" ordinalvalue="10000" solutionaction="Removed" />
                            </row>
                            <row>
                              <cell id="{07326cde-7529-ddc0-e421-c0bcddd07b8a}" showlabel="true" ordinalvalue="10007" solutionaction="Modified" />
                            </row>
                            <row>
                              <cell id="{a54c19c9-4722-ce25-60c5-2bb9452680d2}" showlabel="true" locklevel="0" ordinalvalue="10008" solutionaction="Modified" />
                            </row>
                            <row>
                              <cell id="{7d538a97-98eb-b438-72de-57a808b9a308}" showlabel="true" ordinalvalue="10009" solutionaction="Modified" />
                            </row>
                            <row>
                              <cell id="{215da2d0-2b64-3481-8d2d-16107d4d7e5b}" showlabel="true" ordinalvalue="10010" solutionaction="Modified" />
                            </row>
                            <row>
                              <cell id="{290b48ba-c0cc-7746-6dda-93e240e4cc78}" showlabel="true" ordinalvalue="10011" solutionaction="Modified" />
                            </row>
                            <row>
                              <cell id="{1b54cdb3-1582-c29e-cc9e-9d4bc2a5700b}" showlabel="true" ordinalvalue="10012" solutionaction="Modified" />
                            </row>
                            <row>
                              <cell id="{408dda0b-48a7-c05c-e29a-56a93eb97172}" showlabel="true" ordinalvalue="10013" solutionaction="Modified" />
                            </row>
                            <row>
                              <cell id="{133d09d6-c374-954a-315b-435e1eeb722c}" showlabel="true" locklevel="0" ordinalvalue="10014" solutionaction="Modified" />
                            </row>
                            <row>
                              <cell id="{bac50a31-27a0-c7e2-3ab3-5d6aa8895c6e}" showlabel="true" ordinalvalue="10000" solutionaction="Added">
                                <labels>
                                  <label description="" languagecode="1033" />
                                </labels>
                                <control id="birthdate" classid="{5B773807-9FB2-42db-97C3-7A91EFF8ADFF}" datafieldname="birthdate" disabled="false" />
                              </cell>
                            </row>
                            <row>
                              <cell id="{d4ce946d-221c-c670-11c6-cb093a778617}" showlabel="true" locklevel="0" ordinalvalue="10001" solutionaction="Added">
                                <labels>
                                  <label description="" languagecode="1033" />
                                </labels>
                                <control id="lastname" classid="{4273EDBD-AC1D-40d3-9FB2-095C621B552D}" datafieldname="lastname" disabled="false" />
                              </cell>
                            </row>
                            <row>
                              <cell id="{7551b03c-9825-c6bc-c0dd-9397172203a2}" showlabel="true" locklevel="0" ordinalvalue="10002" solutionaction="Added">
                                <labels>
                                  <label description="" languagecode="1033" />
                                </labels>
                                <control id="middlename" classid="{4273EDBD-AC1D-40d3-9FB2-095C621B552D}" datafieldname="middlename" disabled="false" />
                              </cell>
                            </row>
                            <row>
                              <cell id="{ae20423c-838a-17e5-5d2b-4e7d4893deee}" showlabel="true" locklevel="0" ordinalvalue="10003" solutionaction="Added">
                                <labels>
                                  <label description="" languagecode="1033" />
                                </labels>
                                <control id="firstname" classid="{4273EDBD-AC1D-40d3-9FB2-095C621B552D}" datafieldname="firstname" disabled="false" />
                              </cell>
                            </row>
                            <row>
                              <cell id="{a2bdda17-d73a-e779-524d-5624a026765a}" showlabel="true" locklevel="0" ordinalvalue="10004" solutionaction="Added">
                                <labels>
                                  <label description="" languagecode="1033" />
                                </labels>
                                <control id="ipg_contacttypeid" classid="{270BD3DB-D9AF-4782-9025-509E298DEC0A}" datafieldname="ipg_contacttypeid" disabled="false" uniqueid="{10a7bb2c-037b-2711-8a69-cac00acd8203}">
                                  <parameters>
                                    <AutoResolve>true</AutoResolve>
                                    <DisableMru>false</DisableMru>
                                    <DisableQuickFind>false</DisableQuickFind>
                                    <DisableViewPicker>false</DisableViewPicker>
                                    <DefaultViewId>{A2E34D72-97AE-4A16-BFDA-75E04921686F}</DefaultViewId>
                                    <FilterRelationshipName>ipg_ipg_contacttype_ipg_contactsubtype_ParentContactType</FilterRelationshipName>
                                    <DependentAttributeName>contact.ipg_contactsubtypeid</DependentAttributeName>
                                    <DependentAttributeType>ipg_contactsubtype</DependentAttributeType>
                                    <AllowFilterOff>false</AllowFilterOff>
                                  </parameters>
                                </control>
                              </cell>
                            </row>
                            <row>
                              <cell id="{d768ea37-b74d-28e9-745e-286b12608d6b}" showlabel="true" locklevel="0" ordinalvalue="10005" solutionaction="Added">
                                <labels>
                                  <label description="" languagecode="1033" />
                                </labels>
                                <control id="ipg_contactsubtypeid" classid="{270BD3DB-D9AF-4782-9025-509E298DEC0A}" datafieldname="ipg_contactsubtypeid" disabled="false" uniqueid="{0c671cb7-ec42-aea4-c240-b566813ec50b}">
                                  <parameters>
                                    <AutoResolve>true</AutoResolve>
                                    <DisableMru>false</DisableMru>
                                    <DisableQuickFind>false</DisableQuickFind>
                                    <DisableViewPicker>false</DisableViewPicker>
                                    <DefaultViewId>{F612388F-431C-4273-9358-0287F35AB56D}</DefaultViewId>
                                    <FilterRelationshipName>ipg_ipg_contacttype_ipg_contactsubtype_ParentContactType</FilterRelationshipName>
                                    <DependentAttributeName>contact.ipg_contacttypeid</DependentAttributeName>
                                    <DependentAttributeType>ipg_contacttype</DependentAttributeType>
                                    <AllowFilterOff>false</AllowFilterOff>
                                  </parameters>
                                </control>
                              </cell>
                            </row>
                            <row>
                              <cell id="{55a7de1a-ae64-a297-e183-40e933b34071}" showlabel="true" locklevel="0" ordinalvalue="10006" solutionaction="Added">
                                <labels>
                                  <label description="" languagecode="1033" />
                                </labels>
                                <control id="ipg_memberid" classid="{4273EDBD-AC1D-40d3-9FB2-095C621B552D}" datafieldname="ipg_memberid" disabled="false" />
                              </cell>
                            </row>
                          </rows>
                        </section>
                      </sections>
                    </column>
                  </columns>
                </tab>
                <tab name="DETAILS_TAB" id="{fe1c5c3b-d556-4552-a444-4781214a6d63}" IsUserDefined="0" expanded="true" showlabel="true" ordinalvalue="2" solutionaction="Modified">
                  <columns>
                    <column width="34%" id="0">
                      <sections>
                        <section name="PERSONAL INFORMATION" showlabel="true" showbar="false" id="{0F64B9A3-01F2-4411-B0B5-6C6C39D7B011}" IsUserDefined="0" columns="1" labelwidth="115" celllabelposition="Left" ordinalvalue="0">
                          <rows>
                            <row>
                              <cell id="{bac50a31-27a0-c7e2-3ab3-5d6aa8895c6e}" showlabel="true" ordinalvalue="10003" solutionaction="Removed" />
                            </row>
                            <row>
                              <cell id="{ba714204-2499-db47-78e0-d8795307301d}" showlabel="true" ordinalvalue="10003" solutionaction="Modified" />
                            </row>
                          </rows>
                        </section>
                      </sections>
                    </column>
                  </columns>
                </tab>
                <tab name="documents_sharepoint" id="{1960CA58-ED7E-4E66-A9CB-7566856DC3ED}" IsUserDefined="0" locklevel="0" showlabel="true" expanded="true" ordinalvalue="3" solutionaction="Modified" />
                <tab name="linkedin_v2_tab" id="{a177d66d-0113-69a0-bac8-1dc0e71da6bd}" IsUserDefined="0" locklevel="0" showlabel="true" expanded="true" availableforphone="false" visible="false" ordinalvalue="4" solutionaction="Modified" />
                <tab id="{5808c9c1-75e6-4b5d-81ee-f2f0d65206b3}" name="conflictstab" group="solutionconflictstab" ordinalvalue="1" solutionaction="Added">
                  <labels>
                    <label description="Conflicts Tab" languagecode="1033" />
                  </labels>
                  <columns>
                    <column width="100%" id="0">
                      <sections>
                        <section id="{4372e1c0-77bb-4c52-8652-882966cfb0d6}" name="conflictssection" group="solutionconflictssection" ordinalvalue="0">
                          <labels>
                            <label description="Conflicts Section" languagecode="1033" />
                          </labels>
                          <rows></rows>
                        </section>
                      </sections>
                    </column>
                  </columns>
                </tab>
              </tabs>
              <events>
                <event name="onload" application="true" active="true">
                  <Handlers>
                    <Handler functionName="Intake.Contact.OnLoadForm" libraryName="ipg_/intake/contact/Contact.js" handlerUniqueId="{37048923-9c75-0875-7574-62287c1a9063}" enabled="true" parameters="" passExecutionContext="true" solutionaction="Added" />
                  </Handlers>
                </event>
              </events>
              <formLibraries>
                <Library name="ipg_/intake/contact/Contact.js" libraryUniqueId="{3583b45e-2781-3062-083c-ede4db987e90}" solutionaction="Added" />
              </formLibraries>
            </form>
            <LocalizedNames>
              <LocalizedName description="Contact" languagecode="1033" />
            </LocalizedNames>
            <Descriptions>
              <Description description="Updated default Contact form." languagecode="1033" />
            </Descriptions>
          </systemform>
        </forms>
      </FormXml>
      <RibbonDiffXml>
        <CustomActions>
          <CustomAction Id="ipg.contact.Buttons.NewOverride.CustomAction" Location="Mscrm.HomepageGrid.contact.MainTab.Management.Controls._children" Sequence="15">
            <CommandUIDefinition>
              <Button Alt="$LocLabels:ipg.contact.Buttons.NewOverride.Alt" Command="ipg.contact.Commands.NewOverride" CommandValueId="" Id="ipg.contact.Buttons.NewOverride" Image32by32="/_imgs/ribbon/newrecord32.png" Image16by16="/_imgs/ribbon/New_16.png" LabelText="$LocLabels:ipg.contact.Buttons.NewOverride.LabelText" Sequence="15" TemplateAlias="o1" ToolTipTitle="$LocLabels:ipg.contact.Buttons.NewOverride.ToolTipTitle" ToolTipDescription="$LocLabels:ipg.contact.Buttons.NewOverride.ToolTipDescription" ModernImage="New" />
            </CommandUIDefinition>
          </CustomAction>
          <CustomAction Id="ipg.contact.NewCarrierContactSubgrid.ButtonMenu.CustomAction" Location="Mscrm.SubGrid.contact.MainTab.Management.Controls._children" Sequence="17">
            <CommandUIDefinition>
              <SplitButton Alt="$LocLabels:ipg.contact.NewCarrierContactSubgrid.ButtonMenu.Alt" Command="ipg.contact.Subgrid.NewCarrierContactMenu.Command" Id="ipg.contact.NewCarrierContactSubgrid.ButtonMenu" LabelText="$LocLabels:ipg.contact.NewCarrierContactSubgrid.ButtonMenu.LabelText" Sequence="17" TemplateAlias="o1" ToolTipTitle="$LocLabels:ipg.contact.NewCarrierContactSubgrid.ButtonMenu.ToolTipTitle" ToolTipDescription="$LocLabels:ipg.contact.NewCarrierContactSubgrid.ButtonMenu.ToolTipDescription">
                <Menu Id="ipg.contact.NewCarrierContactSubgrid.ButtonMenu.Menu">
                  <MenuSection Id="ipg.contact.Section5.Section" Sequence="5" DisplayMode="Menu16">
                    <Controls Id="ipg.contact.Section5.Section.Controls">
                      <Button Alt="$LocLabels:ipg.contact.Subgrid.NewCarrierContactClaimEscalation.Button.Alt" Command="ipg.contact.Subgrid.NewCarrierContactClaimEscalation.Command" Id="ipg.contact.Subgrid.NewCarrierContactClaimEscalation.Button" LabelText="$LocLabels:ipg.contact.Subgrid.NewCarrierContactClaimEscalation.Button.LabelText" Sequence="10" ToolTipTitle="$LocLabels:ipg.contact.Subgrid.NewCarrierContactClaimEscalation.Button.ToolTipTitle" ToolTipDescription="$LocLabels:ipg.contact.Subgrid.NewCarrierContactClaimEscalation.Button.ToolTipDescription" />
                      <Button Alt="$LocLabels:ipg.contact.Subgrid.NewCarrierContactSales.Button.Alt" Command="ipg.contact.Subgrid.NewCarrierContactSales.Command" Id="ipg.contact.Subgrid.NewCarrierContactSales.Button" LabelText="$LocLabels:ipg.contact.Subgrid.NewCarrierContactSales.Button.LabelText" Sequence="15" ToolTipTitle="$LocLabels:ipg.contact.Subgrid.NewCarrierContactSales.Button.ToolTipTitle" ToolTipDescription="$LocLabels:ipg.contact.Subgrid.NewCarrierContactSales.Button.ToolTipDescription" />
                      <Button Alt="$LocLabels:ipg.contact.Subgrid.NewCarrierContactClaimsInquiries.Button.Alt" Command="ipg.contact.Subgrid.NewCarrierContactClaimsInquiries.Command" Id="ipg.contact.Subgrid.NewCarrierContactClaimsInquiries.Button" LabelText="$LocLabels:ipg.contact.Subgrid.NewCarrierContactClaimsInquiries.Button.LabelText" Sequence="20" ToolTipTitle="$LocLabels:ipg.contact.Subgrid.NewCarrierContactClaimsInquiries.Button.ToolTipTitle" ToolTipDescription="$LocLabels:ipg.contact.Subgrid.NewCarrierContactClaimsInquiries.Button.ToolTipDescription" />
                      <Button Alt="$LocLabels:ipg.contact.Subgrid.NewCarrierContactPreCertification.Button.Alt" Command="ipg.contact.Subgrid.NewCarrierContactPreCertification.Command" Id="ipg.contact.Subgrid.NewCarrierContactPreCertification.Button" LabelText="$LocLabels:ipg.contact.Subgrid.NewCarrierContactPreCertification.Button.LabelText" Sequence="25" ToolTipTitle="$LocLabels:ipg.contact.Subgrid.NewCarrierContactPreCertification.Button.ToolTipTitle" ToolTipDescription="$LocLabels:ipg.contact.Subgrid.NewCarrierContactPreCertification.Button.ToolTipDescription" />
                    </Controls>
                  </MenuSection>
                </Menu>
              </SplitButton>
            </CommandUIDefinition>
          </CustomAction>
        </CustomActions>
        <Templates>
          <RibbonTemplates Id="Mscrm.Templates"></RibbonTemplates>
        </Templates>
        <CommandDefinitions>
          <CommandDefinition Id="ipg.contact.Commands.NewOverride">
            <EnableRules />
            <DisplayRules />
            <Actions>
              <JavaScriptFunction FunctionName="Intake.Contact.NewContactForm" Library="$webresource:ipg_/intake/Contact/ContactRibbon.js">
                <CrmParameter Value="PrimaryControl" />
              </JavaScriptFunction>
            </Actions>
          </CommandDefinition>
          <CommandDefinition Id="ipg.contact.Subgrid.NewCarrierContactClaimEscalation.Command">
            <EnableRules />
            <DisplayRules />
            <Actions>
              <JavaScriptFunction FunctionName="Intake.Contact.NewCarrierContactSubgrid" Library="$webresource:ipg_/intake/Contact/ContactRibbon.js">
                <CrmParameter Value="PrimaryControl" />
                <StringParameter Value="Claim Escalation" />
              </JavaScriptFunction>
            </Actions>
          </CommandDefinition>
          <CommandDefinition Id="ipg.contact.Subgrid.NewCarrierContactClaimsInquiries.Command">
            <EnableRules />
            <DisplayRules />
            <Actions>
              <JavaScriptFunction FunctionName="Intake.Contact.NewCarrierContactSubgrid" Library="$webresource:ipg_/intake/Contact/ContactRibbon.js">
                <CrmParameter Value="PrimaryControl" />
                <StringParameter Value="Claims Inquiries" />
              </JavaScriptFunction>
            </Actions>
          </CommandDefinition>
          <CommandDefinition Id="ipg.contact.Subgrid.NewCarrierContactMenu.Command">
            <EnableRules>
              <EnableRule Id="ipg.contact.ContactFormIsCarrier.EnableRule" />
            </EnableRules>
            <DisplayRules />
            <Actions />
          </CommandDefinition>
          <CommandDefinition Id="ipg.contact.Subgrid.NewCarrierContactPreCertification.Command">
            <EnableRules />
            <DisplayRules />
            <Actions>
              <JavaScriptFunction FunctionName="Intake.Contact.NewCarrierContactSubgrid" Library="$webresource:ipg_/intake/Contact/ContactRibbon.js">
                <CrmParameter Value="PrimaryControl" />
                <StringParameter Value="Pre-Certification" />
              </JavaScriptFunction>
            </Actions>
          </CommandDefinition>
          <CommandDefinition Id="ipg.contact.Subgrid.NewCarrierContactSales.Command">
            <EnableRules />
            <DisplayRules />
            <Actions>
              <JavaScriptFunction FunctionName="Intake.Contact.NewCarrierContactSubgrid" Library="$webresource:ipg_/intake/Contact/ContactRibbon.js">
                <CrmParameter Value="PrimaryControl" />
                <StringParameter Value="Sales" />
              </JavaScriptFunction>
            </Actions>
          </CommandDefinition>
          <CommandDefinition Id="Mscrm.AddNewRecordFromSubGridStandard">
            <EnableRules>
              <EnableRule Id="Mscrm.AppendToPrimary" />
              <EnableRule Id="Mscrm.EntityFormIsEnabled" />
              <EnableRule Id="Mscrm.IsEntityAvailableForUserInMocaOffline" />
              <EnableRule Id="ipg.contact.ContactFormIsNotCarrier.EnableRule" />
            </EnableRules>
            <DisplayRules>
              <DisplayRule Id="Mscrm.ShowForOneToManyGrids" />
              <DisplayRule Id="Mscrm.AppendToPrimary" />
              <DisplayRule Id="Mscrm.CreateSelectedEntityPermission" />
              <DisplayRule Id="Mscrm.AppendSelected" />
              <DisplayRule Id="Mscrm.HideAddNewForChildEntities" />
            </DisplayRules>
            <Actions>
              <JavaScriptFunction FunctionName="XrmCore.Commands.Open.addNewFromSubGridStandard" Library="$webresource:Main_system_library.js">
                <CrmParameter Value="SelectedEntityTypeName" />
                <CrmParameter Value="PrimaryEntityTypeName" />
                <CrmParameter Value="FirstPrimaryItemId" />
                <CrmParameter Value="PrimaryControl" />
                <CrmParameter Value="SelectedControl" />
              </JavaScriptFunction>
            </Actions>
          </CommandDefinition>
          <CommandDefinition Id="Mscrm.HomepageGrid.NewRecordForBPFEntity">
            <EnableRules>
              <EnableRule Id="Mscrm.IsValidForHierarchyView" />
              <EnableRule Id="Mscrm.IsValidForHierarchyPageInUC" />
              <EnableRule Id="Mscrm.IsEntityAvailableForUserInMocaOffline" />
            </EnableRules>
            <DisplayRules>
              <DisplayRule Id="Mscrm.IsBPFEntityCustomizationFeatureEnabled" />
              <DisplayRule Id="Mscrm.SelectedEntityIsBPFEntity" />
              <DisplayRule Id="Mscrm.CreateSelectedEntityPermission" />
              <DisplayRule Id="ipg.account.DisplayRules.HideOOBCommand" />
            </DisplayRules>
            <Actions>
              <JavaScriptFunction FunctionName="XrmCore.Commands.NewRecordForBPFEntity.openNewRecord" Library="$webresource:Main_system_library.js">
                <CrmParameter Value="SelectedEntityTypeName" />
                <CrmParameter Value="SelectedControl" />
              </JavaScriptFunction>
            </Actions>
          </CommandDefinition>
          <CommandDefinition Id="Mscrm.NewRecordFromGrid">
            <EnableRules>
              <EnableRule Id="Mscrm.IsValidForHierarchyView" />
              <EnableRule Id="Mscrm.IsValidForHierarchyPageInUC" />
              <EnableRule Id="Mscrm.IsEntityAvailableForUserInMocaOffline" />
            </EnableRules>
            <DisplayRules>
              <DisplayRule Id="Mscrm.CreateSelectedEntityPermission" />
              <DisplayRule Id="Mscrm.ShowForNonRelationshipBoundGrids" />
              <DisplayRule Id="Mscrm.PrimaryIsNotActivityHomePageGrid" />
              <DisplayRule Id="Mscrm.HideNewForChildEntities" />
              <DisplayRule Id="Mscrm.HideAddressEntities" />
              <DisplayRule Id="Mscrm.NotOnMarketingList" />
              <DisplayRule Id="ipg.account.DisplayRules.HideOOBCommand" />
            </DisplayRules>
            <Actions>
              <JavaScriptFunction FunctionName="XrmCore.Commands.Open.openNewRecord" Library="$webresource:Main_system_library.js">
                <CrmParameter Value="SelectedEntityTypeName" />
                <CrmParameter Value="SelectedControl" />
              </JavaScriptFunction>
            </Actions>
          </CommandDefinition>
        </CommandDefinitions>
        <RuleDefinitions>
          <TabDisplayRules />
          <DisplayRules>
            <DisplayRule Id="ipg.account.DisplayRules.HideOOBCommand">
              <SkuRule Sku="OnPremise" Default="false" />
            </DisplayRule>
            <DisplayRule Id="Mscrm.AppendSelected">
              <EntityPrivilegeRule PrivilegeType="Append" PrivilegeDepth="Basic" AppliesTo="SelectedEntity" />
            </DisplayRule>
            <DisplayRule Id="Mscrm.AppendToPrimary">
              <EntityPrivilegeRule PrivilegeType="AppendTo" PrivilegeDepth="Basic" AppliesTo="PrimaryEntity" />
            </DisplayRule>
            <DisplayRule Id="Mscrm.CreateSelectedEntityPermission">
              <EntityPrivilegeRule PrivilegeType="Create" PrivilegeDepth="Basic" AppliesTo="SelectedEntity" />
            </DisplayRule>
            <DisplayRule Id="Mscrm.HideAddNewForChildEntities">
              <OrRule>
                <Or>
                  <EntityPropertyRule AppliesTo="SelectedEntity" PropertyName="IsChildEntity" PropertyValue="false" />
                </Or>
                <Or>
                  <RelationshipTypeRule AppliesTo="SelectedEntity" AllowCustomRelationship="false" />
                </Or>
              </OrRule>
            </DisplayRule>
            <DisplayRule Id="Mscrm.HideAddressEntities">
              <EntityRule EntityName="customeraddress" AppliesTo="SelectedEntity" Default="false" InvertResult="true" />
            </DisplayRule>
            <DisplayRule Id="Mscrm.HideNewForChildEntities">
              <EntityPropertyRule AppliesTo="SelectedEntity" PropertyName="IsChildEntity" PropertyValue="false" />
            </DisplayRule>
            <DisplayRule Id="Mscrm.IsBPFEntityCustomizationFeatureEnabled">
              <OrganizationSettingRule Setting="IsBPFEntityCustomizationFeatureEnabled" />
            </DisplayRule>
            <DisplayRule Id="Mscrm.NotOnMarketingList">
              <FormEntityContextRule EntityName="list" Default="false" InvertResult="true" />
            </DisplayRule>
            <DisplayRule Id="Mscrm.PrimaryIsNotActivityHomePageGrid">
              <OrRule>
                <Or>
                  <EntityPropertyRule AppliesTo="PrimaryEntity" PropertyName="IsActivity" PropertyValue="false" />
                </Or>
                <Or>
                  <EntityRule Context="HomePageGrid" InvertResult="true" />
                </Or>
              </OrRule>
            </DisplayRule>
            <DisplayRule Id="Mscrm.SelectedEntityIsBPFEntity">
              <EntityPropertyRule AppliesTo="SelectedEntity" PropertyName="IsBPFEntity" PropertyValue="true" />
            </DisplayRule>
            <DisplayRule Id="Mscrm.ShowForNonRelationshipBoundGrids">
              <RelationshipTypeRule AppliesTo="SelectedEntity" RelationshipType="NoRelationship" />
            </DisplayRule>
            <DisplayRule Id="Mscrm.ShowForOneToManyGrids">
              <RelationshipTypeRule AppliesTo="SelectedEntity" RelationshipType="OneToMany" />
            </DisplayRule>
          </DisplayRules>
          <EnableRules>
            <EnableRule Id="ipg.contact.ContactFormIsCarrier.EnableRule">
              <CustomRule FunctionName="Intake.Contact.contactFormIsCarrier" Library="$webresource:ipg_/intake/Contact/ContactRibbon.js" Default="false">
                <CrmParameter Value="PrimaryControl" />
              </CustomRule>
            </EnableRule>
            <EnableRule Id="ipg.contact.ContactFormIsNotCarrier.EnableRule">
              <CustomRule FunctionName="Intake.Contact.contactFormIsCarrier" Library="$webresource:ipg_/intake/Contact/ContactRibbon.js" Default="true" InvertResult="true">
                <CrmParameter Value="PrimaryControl" />
              </CustomRule>
            </EnableRule>
            <EnableRule Id="Mscrm.AppendToPrimary">
              <RecordPrivilegeRule PrivilegeType="AppendTo" AppliesTo="PrimaryEntity" />
            </EnableRule>
            <EnableRule Id="Mscrm.EntityFormIsEnabled">
              <FormStateRule State="Disabled" InvertResult="true" />
            </EnableRule>
            <EnableRule Id="Mscrm.IsEntityAvailableForUserInMocaOffline">
              <CustomRule FunctionName="XrmCore.Rules.Online.IsEntityAvailableForUserInMocaOffline" Library="$webresource:Main_system_library.js">
                <CrmParameter Value="SelectedEntityTypeName" />
              </CustomRule>
            </EnableRule>
            <EnableRule Id="Mscrm.IsValidForHierarchyPageInUC">
              <CustomRule FunctionName="XrmCore.Rules.HierarchyView.isValidForHierarchyPageInUC" Library="$webresource:Main_system_library.js" />
            </EnableRule>
            <EnableRule Id="Mscrm.IsValidForHierarchyView">
              <CustomRule FunctionName="XrmCore.Rules.HierarchyView.isValidForHierarchyView" Library="$webresource:Main_system_library.js" />
            </EnableRule>
          </EnableRules>
        </RuleDefinitions>
        <LocLabels>
          <LocLabel Id="ipg.contact.Buttons.NewOverride.Alt">
            <Titles>
              <Title description="New" languagecode="1033" />
            </Titles>
          </LocLabel>
          <LocLabel Id="ipg.contact.Buttons.NewOverride.LabelText">
            <Titles>
              <Title description="New" languagecode="1033" />
            </Titles>
          </LocLabel>
          <LocLabel Id="ipg.contact.Buttons.NewOverride.ToolTipDescription">
            <Titles>
              <Title description="Create a new {0} record." languagecode="1033" />
            </Titles>
          </LocLabel>
          <LocLabel Id="ipg.contact.Buttons.NewOverride.ToolTipTitle">
            <Titles>
              <Title description="New" languagecode="1033" />
            </Titles>
          </LocLabel>
          <LocLabel Id="ipg.contact.NewCarrierContactSubgrid.ButtonMenu.Alt">
            <Titles>
              <Title description="New " languagecode="1033" />
            </Titles>
          </LocLabel>
          <LocLabel Id="ipg.contact.NewCarrierContactSubgrid.ButtonMenu.LabelText">
            <Titles>
              <Title description="New " languagecode="1033" />
            </Titles>
          </LocLabel>
          <LocLabel Id="ipg.contact.NewCarrierContactSubgrid.ButtonMenu.ToolTipDescription">
            <Titles>
              <Title description="New " languagecode="1033" />
            </Titles>
          </LocLabel>
          <LocLabel Id="ipg.contact.NewCarrierContactSubgrid.ButtonMenu.ToolTipTitle">
            <Titles>
              <Title description="New " languagecode="1033" />
            </Titles>
          </LocLabel>
          <LocLabel Id="ipg.contact.Subgrid.NewCarrierContactClaimEscalation.Button.Alt">
            <Titles>
              <Title description="Claim Escalation" languagecode="1033" />
            </Titles>
          </LocLabel>
          <LocLabel Id="ipg.contact.Subgrid.NewCarrierContactClaimEscalation.Button.LabelText">
            <Titles>
              <Title description="Claim Escalation" languagecode="1033" />
            </Titles>
          </LocLabel>
          <LocLabel Id="ipg.contact.Subgrid.NewCarrierContactClaimEscalation.Button.ToolTipDescription">
            <Titles>
              <Title description="Claim Escalation" languagecode="1033" />
            </Titles>
          </LocLabel>
          <LocLabel Id="ipg.contact.Subgrid.NewCarrierContactClaimEscalation.Button.ToolTipTitle">
            <Titles>
              <Title description="Claim Escalation" languagecode="1033" />
            </Titles>
          </LocLabel>
          <LocLabel Id="ipg.contact.Subgrid.NewCarrierContactClaimsInquiries.Button.Alt">
            <Titles>
              <Title description="Claims Inquiries" languagecode="1033" />
            </Titles>
          </LocLabel>
          <LocLabel Id="ipg.contact.Subgrid.NewCarrierContactClaimsInquiries.Button.LabelText">
            <Titles>
              <Title description="Claims Inquiries" languagecode="1033" />
            </Titles>
          </LocLabel>
          <LocLabel Id="ipg.contact.Subgrid.NewCarrierContactClaimsInquiries.Button.ToolTipDescription">
            <Titles>
              <Title description="Claims Inquiries" languagecode="1033" />
            </Titles>
          </LocLabel>
          <LocLabel Id="ipg.contact.Subgrid.NewCarrierContactClaimsInquiries.Button.ToolTipTitle">
            <Titles>
              <Title description="Claims Inquiries" languagecode="1033" />
            </Titles>
          </LocLabel>
          <LocLabel Id="ipg.contact.Subgrid.NewCarrierContactPreCertification.Button.Alt">
            <Titles>
              <Title description="Pre-Certification" languagecode="1033" />
            </Titles>
          </LocLabel>
          <LocLabel Id="ipg.contact.Subgrid.NewCarrierContactPreCertification.Button.LabelText">
            <Titles>
              <Title description="Pre-Certification" languagecode="1033" />
            </Titles>
          </LocLabel>
          <LocLabel Id="ipg.contact.Subgrid.NewCarrierContactPreCertification.Button.ToolTipDescription">
            <Titles>
              <Title description="Pre-Certification" languagecode="1033" />
            </Titles>
          </LocLabel>
          <LocLabel Id="ipg.contact.Subgrid.NewCarrierContactPreCertification.Button.ToolTipTitle">
            <Titles>
              <Title description="Pre-Certification" languagecode="1033" />
            </Titles>
          </LocLabel>
          <LocLabel Id="ipg.contact.Subgrid.NewCarrierContactSales.Button.Alt">
            <Titles>
              <Title description="Sales" languagecode="1033" />
            </Titles>
          </LocLabel>
          <LocLabel Id="ipg.contact.Subgrid.NewCarrierContactSales.Button.LabelText">
            <Titles>
              <Title description="Sales" languagecode="1033" />
            </Titles>
          </LocLabel>
          <LocLabel Id="ipg.contact.Subgrid.NewCarrierContactSales.Button.ToolTipDescription">
            <Titles>
              <Title description="Sales" languagecode="1033" />
            </Titles>
          </LocLabel>
          <LocLabel Id="ipg.contact.Subgrid.NewCarrierContactSales.Button.ToolTipTitle">
            <Titles>
              <Title description="Sales" languagecode="1033" />
            </Titles>
          </LocLabel>
        </LocLabels>
      </RibbonDiffXml>
      <CustomControlDefaultConfigs>
        <CustomControlDefaultConfig>
          <ControlDescriptionXML><controlDescriptions><controlDescription><customControl id="{E7A81278-8635-4d9e-8D4D-59480B391C5B}" formFactor="0"><parameters /></customControl><customControl id="{E7A81278-8635-4d9e-8D4D-59480B391C5B}" formFactor="1"><parameters /></customControl><customControl id="{E7A81278-8635-4d9e-8D4D-59480B391C5B}" formFactor="2"><parameters /></customControl><customControl name="MscrmControls.Grid.GridControl" formFactor="-1"><parameters><data-set name="Grid"><columnsDefaultView /></data-set><data-set name="SubGrid"><ViewId>{3AC3A40C-1759-E911-A980-000D3A3702CA}</ViewId><IsUserView>false</IsUserView><TargetEntityType>ipg_contactsaccounts</TargetEntityType><SubGridParentId>ipg_contactid</SubGridParentId></data-set><EnableGroupBy static="true" type="Enum">no</EnableGroupBy><EnableEditing static="true" type="Enum">yes</EnableEditing><ReflowBehavior static="true" type="Enum">GridOnly</ReflowBehavior><EnableFiltering static="true" type="Enum">yes</EnableFiltering><HideNestedGridColumnHeader static="true" type="Enum">no</HideNestedGridColumnHeader></parameters></customControl></controlDescription></controlDescriptions></ControlDescriptionXML>
          <IntroducedVersion>5.0</IntroducedVersion>
        </CustomControlDefaultConfig>
      </CustomControlDefaultConfigs>
    </Entity>
  </Entities>
  <Roles></Roles>
  <Workflows></Workflows>
  <FieldSecurityProfiles></FieldSecurityProfiles>
  <Templates />
  <EntityMaps />
  <EntityRelationships />
  <OrganizationSettings />
  <optionsets />
  <WebResources>
    <WebResource>
      <WebResourceId>{3f397c11-4c5c-e911-a97b-000d3a370868}</WebResourceId>
      <Name>ipg_/intake/contact/Contact.js</Name>
      <DisplayName>Contact.js</DisplayName>
      <WebResourceType>3</WebResourceType>
      <IntroducedVersion>1.91.0.422</IntroducedVersion>
      <IsEnabledForMobileClient>0</IsEnabledForMobileClient>
      <IsAvailableForMobileOffline>0</IsAvailableForMobileOffline>
      <DependencyXml>&lt;Dependencies&gt;&lt;Dependency componentType="WebResource"/&gt;&lt;/Dependencies&gt;</DependencyXml>
      <IsCustomizable>1</IsCustomizable>
      <CanBeDeleted>1</CanBeDeleted>
      <IsHidden>0</IsHidden>
      <FileName>/WebResources/ipg_intakecontactContactjs3F397C11-4C5C-E911-A97B-000D3A370868</FileName>
    </WebResource>
  </WebResources>
  <CustomControls />
  <EntityDataProviders />
  <Languages>
    <Language>1033</Language>
  </Languages>
</ImportExportXml>