<ImportExportXml version="9.1.0.13535" SolutionPackageVersion="9.1" languagecode="1033" generatedBy="CrmLive" xmlns:xsi="http://www.w3.org/2001/XMLSchema-instance">
  <SolutionManifest>
    <UniqueName>IPGInsightRelease11Fixes</UniqueName>
    <LocalizedNames>
      <LocalizedName description="IPG Insight Release 1.1 Fixes" languagecode="1033" />
    </LocalizedNames>
    <Descriptions>
      <Description description="IPG Insight Release 1.1 Fixes&#xA;1.91.0.859" languagecode="1033" />
    </Descriptions>
    <Version>1.0.0.1</Version>
    <Managed>0</Managed>
    <Publisher>
      <UniqueName>ipg</UniqueName>
      <LocalizedNames>
        <LocalizedName description="IPG" languagecode="1033" />
      </LocalizedNames>
      <Descriptions>
        <Description description="IPG" languagecode="1033" />
      </Descriptions>
      <EMailAddress xsi:nil="true"></EMailAddress>
      <SupportingWebsiteUrl xsi:nil="true"></SupportingWebsiteUrl>
      <CustomizationPrefix>ipg</CustomizationPrefix>
      <CustomizationOptionValuePrefix>42788</CustomizationOptionValuePrefix>
      <Addresses>
        <Address>
          <AddressNumber>1</AddressNumber>
          <AddressTypeCode>1</AddressTypeCode>
          <City xsi:nil="true"></City>
          <County xsi:nil="true"></County>
          <Country xsi:nil="true"></Country>
          <Fax xsi:nil="true"></Fax>
          <FreightTermsCode xsi:nil="true"></FreightTermsCode>
          <ImportSequenceNumber xsi:nil="true"></ImportSequenceNumber>
          <Latitude xsi:nil="true"></Latitude>
          <Line1 xsi:nil="true"></Line1>
          <Line2 xsi:nil="true"></Line2>
          <Line3 xsi:nil="true"></Line3>
          <Longitude xsi:nil="true"></Longitude>
          <Name xsi:nil="true"></Name>
          <PostalCode xsi:nil="true"></PostalCode>
          <PostOfficeBox xsi:nil="true"></PostOfficeBox>
          <PrimaryContactName xsi:nil="true"></PrimaryContactName>
          <ShippingMethodCode>1</ShippingMethodCode>
          <StateOrProvince xsi:nil="true"></StateOrProvince>
          <Telephone1 xsi:nil="true"></Telephone1>
          <Telephone2 xsi:nil="true"></Telephone2>
          <Telephone3 xsi:nil="true"></Telephone3>
          <TimeZoneRuleVersionNumber xsi:nil="true"></TimeZoneRuleVersionNumber>
          <UPSZone xsi:nil="true"></UPSZone>
          <UTCOffset xsi:nil="true"></UTCOffset>
          <UTCConversionTimeZoneCode xsi:nil="true"></UTCConversionTimeZoneCode>
        </Address>
        <Address>
          <AddressNumber>2</AddressNumber>
          <AddressTypeCode>1</AddressTypeCode>
          <City xsi:nil="true"></City>
          <County xsi:nil="true"></County>
          <Country xsi:nil="true"></Country>
          <Fax xsi:nil="true"></Fax>
          <FreightTermsCode xsi:nil="true"></FreightTermsCode>
          <ImportSequenceNumber xsi:nil="true"></ImportSequenceNumber>
          <Latitude xsi:nil="true"></Latitude>
          <Line1 xsi:nil="true"></Line1>
          <Line2 xsi:nil="true"></Line2>
          <Line3 xsi:nil="true"></Line3>
          <Longitude xsi:nil="true"></Longitude>
          <Name xsi:nil="true"></Name>
          <PostalCode xsi:nil="true"></PostalCode>
          <PostOfficeBox xsi:nil="true"></PostOfficeBox>
          <PrimaryContactName xsi:nil="true"></PrimaryContactName>
          <ShippingMethodCode>1</ShippingMethodCode>
          <StateOrProvince xsi:nil="true"></StateOrProvince>
          <Telephone1 xsi:nil="true"></Telephone1>
          <Telephone2 xsi:nil="true"></Telephone2>
          <Telephone3 xsi:nil="true"></Telephone3>
          <TimeZoneRuleVersionNumber xsi:nil="true"></TimeZoneRuleVersionNumber>
          <UPSZone xsi:nil="true"></UPSZone>
          <UTCOffset xsi:nil="true"></UTCOffset>
          <UTCConversionTimeZoneCode xsi:nil="true"></UTCConversionTimeZoneCode>
        </Address>
      </Addresses>
    </Publisher>
    <RootComponents>
      <RootComponent type="1" schemaName="account" behavior="2" />
      <RootComponent type="1" schemaName="contact" behavior="2" />
      <RootComponent type="60" id="{1fed44d1-ae68-4a41-bd2b-f13acac4acfa}" />
      <RootComponent type="60" id="{6f2176ce-fba1-4be4-b8ac-e45cf7a1b3fd}" />
      <RootComponent type="61" schemaName="ipg_/intake/contact/Contact.js" behavior="0" />
    </RootComponents>
    <MissingDependencies>
      <MissingDependency>
        <Required key="0" type="1" schemaName="ipg_carrierfeeschedule" displayName="Carrier Feeschedule Relationship" solution="Active" />
        <Dependent key="1" type="60" displayName="Carrier" parentDisplayName="Account" id="{6f2176ce-fba1-4be4-b8ac-e45cf7a1b3fd}" />
      </MissingDependency>
      <MissingDependency>
        <Required key="2" type="1" schemaName="ipg_document" displayName="Document" solution="Active" />
        <Dependent key="1" type="60" displayName="Carrier" parentDisplayName="Account" id="{6f2176ce-fba1-4be4-b8ac-e45cf7a1b3fd}" />
      </MissingDependency>
      <MissingDependency>
        <Required key="3" type="1" schemaName="incident" displayName="Case" solution="msdynce_Service (9.0.5.56)" />
        <Dependent key="1" type="60" displayName="Carrier" parentDisplayName="Account" id="{6f2176ce-fba1-4be4-b8ac-e45cf7a1b3fd}" />
      </MissingDependency>
      <MissingDependency>
        <Required key="4" type="1" schemaName="ipg_associatedcpt" displayName="Carrier CPT" solution="Active" />
        <Dependent key="1" type="60" displayName="Carrier" parentDisplayName="Account" id="{6f2176ce-fba1-4be4-b8ac-e45cf7a1b3fd}" />
      </MissingDependency>
      <MissingDependency>
        <Required key="5" type="1" schemaName="ipg_legacycarrierhistory" displayName="Legacy Carrier History" solution="Active" />
        <Dependent key="1" type="60" displayName="Carrier" parentDisplayName="Account" id="{6f2176ce-fba1-4be4-b8ac-e45cf7a1b3fd}" />
      </MissingDependency>
      <MissingDependency>
        <Required key="6" type="1" schemaName="opportunity" displayName="Opportunity" solution="msdynce_Sales (9.0.4.0076)" />
        <Dependent key="1" type="60" displayName="Carrier" parentDisplayName="Account" id="{6f2176ce-fba1-4be4-b8ac-e45cf7a1b3fd}" />
      </MissingDependency>
      <MissingDependency>
        <Required key="7" type="1" schemaName="entitlement" displayName="Entitlement" solution="msdynce_Service (9.0.5.56)" />
        <Dependent key="1" type="60" displayName="Carrier" parentDisplayName="Account" id="{6f2176ce-fba1-4be4-b8ac-e45cf7a1b3fd}" />
      </MissingDependency>
      <MissingDependency>
        <Required key="7" type="1" schemaName="entitlement" displayName="Entitlement" solution="msdynce_Service (9.0.5.56)" />
        <Dependent key="8" type="60" displayName="Contact" parentDisplayName="Contact" id="{1fed44d1-ae68-4a41-bd2b-f13acac4acfa}" />
      </MissingDependency>
      <MissingDependency>
        <Required key="3" type="1" schemaName="incident" displayName="Case" solution="msdynce_Service (9.0.5.56)" />
        <Dependent key="8" type="60" displayName="Contact" parentDisplayName="Contact" id="{1fed44d1-ae68-4a41-bd2b-f13acac4acfa}" />
      </MissingDependency>
      <MissingDependency>
        <Required key="9" type="1" schemaName="ipg_contacttype" displayName="Contact Type" solution="Active" />
        <Dependent key="8" type="60" displayName="Contact" parentDisplayName="Contact" id="{1fed44d1-ae68-4a41-bd2b-f13acac4acfa}" />
      </MissingDependency>
      <MissingDependency>
        <Required key="10" type="1" schemaName="ipg_contactsubtype" displayName="Contact Sub Type" solution="Active" />
        <Dependent key="8" type="60" displayName="Contact" parentDisplayName="Contact" id="{1fed44d1-ae68-4a41-bd2b-f13acac4acfa}" />
      </MissingDependency>
      <MissingDependency>
        <Required key="6" type="1" schemaName="opportunity" displayName="Opportunity" solution="msdynce_Sales (9.0.4.0076)" />
        <Dependent key="8" type="60" displayName="Contact" parentDisplayName="Contact" id="{1fed44d1-ae68-4a41-bd2b-f13acac4acfa}" />
      </MissingDependency>
      <MissingDependency>
        <Required key="11" type="2" schemaName="ipg_contacttypeid" displayName="Contact Type" parentSchemaName="contact" parentDisplayName="Contact" solution="Active" />
        <Dependent key="8" type="60" displayName="Contact" parentDisplayName="Contact" id="{1fed44d1-ae68-4a41-bd2b-f13acac4acfa}" />
      </MissingDependency>
      <MissingDependency>
        <Required key="12" type="2" schemaName="ipg_contactsubtypeid" displayName="Contact Sub Type" parentSchemaName="contact" parentDisplayName="Contact" solution="Active" />
        <Dependent key="8" type="60" displayName="Contact" parentDisplayName="Contact" id="{1fed44d1-ae68-4a41-bd2b-f13acac4acfa}" />
      </MissingDependency>
      <MissingDependency>
        <Required key="13" type="2" schemaName="businesscard" displayName="Business Card" parentSchemaName="contact" parentDisplayName="Contact" solution="msdynce_SalesPatch201904 (9.0.1912.1007)" />
        <Dependent key="8" type="60" displayName="Contact" parentDisplayName="Contact" id="{1fed44d1-ae68-4a41-bd2b-f13acac4acfa}" />
      </MissingDependency>
      <MissingDependency>
        <Required key="14" type="2" schemaName="ipg_feescheduleonly" displayName="Fee Schedule Only" parentSchemaName="account" parentDisplayName="Account" solution="Active" />
        <Dependent key="1" type="60" displayName="Carrier" parentDisplayName="Account" id="{6f2176ce-fba1-4be4-b8ac-e45cf7a1b3fd}" />
      </MissingDependency>
      <MissingDependency>
        <Required key="15" type="2" schemaName="ipg_memberid" displayName="Member Id" parentSchemaName="contact" parentDisplayName="Contact" solution="Active" />
        <Dependent key="8" type="60" displayName="Contact" parentDisplayName="Contact" id="{1fed44d1-ae68-4a41-bd2b-f13acac4acfa}" />
      </MissingDependency>
      <MissingDependency>
        <Required key="16" type="2" schemaName="originatingleadid" displayName="Originating Lead" parentSchemaName="contact" parentDisplayName="Contact" solution="msdynce_LeadManagement (9.0.4.0066)" />
        <Dependent key="8" type="60" displayName="Contact" parentDisplayName="Contact" id="{1fed44d1-ae68-4a41-bd2b-f13acac4acfa}" />
      </MissingDependency>
      <MissingDependency>
        <Required key="17" type="2" schemaName="businesscardattributes" displayName="BusinessCardAttributes" parentSchemaName="contact" parentDisplayName="Contact" solution="msdynce_SalesPatch201904 (9.0.1912.1007)" />
        <Dependent key="8" type="60" displayName="Contact" parentDisplayName="Contact" id="{1fed44d1-ae68-4a41-bd2b-f13acac4acfa}" />
      </MissingDependency>
      <MissingDependency>
        <Required key="18" type="2" schemaName="ipg_maxfeeschedulevalue" displayName="Max Fee Schedule Value" parentSchemaName="account" parentDisplayName="Account" solution="Active" />
        <Dependent key="1" type="60" displayName="Carrier" parentDisplayName="Account" id="{6f2176ce-fba1-4be4-b8ac-e45cf7a1b3fd}" />
      </MissingDependency>
      <MissingDependency>
        <Required key="19" type="2" schemaName="ipg_enableuniquepricing" displayName="Enable Unique Pricing" parentSchemaName="account" parentDisplayName="Account" solution="Active" />
        <Dependent key="1" type="60" displayName="Carrier" parentDisplayName="Account" id="{6f2176ce-fba1-4be4-b8ac-e45cf7a1b3fd}" />
      </MissingDependency>
      <MissingDependency>
        <Required key="20" type="2" schemaName="ipg_claimtype" displayName="Claim Type" parentSchemaName="account" parentDisplayName="Account" solution="Active" />
        <Dependent key="1" type="60" displayName="Carrier" parentDisplayName="Account" id="{6f2176ce-fba1-4be4-b8ac-e45cf7a1b3fd}" />
      </MissingDependency>
      <MissingDependency>
        <Required key="21" type="2" schemaName="ipg_displayonportal" displayName="Display on Portal" parentSchemaName="account" parentDisplayName="Account" solution="Active" />
        <Dependent key="1" type="60" displayName="Carrier" parentDisplayName="Account" id="{6f2176ce-fba1-4be4-b8ac-e45cf7a1b3fd}" />
      </MissingDependency>
      <MissingDependency>
        <Required key="22" type="2" schemaName="ipg_claimspaytopostalcode" displayName="Claims Pay To Postal Code" parentSchemaName="account" parentDisplayName="Account" solution="Active" />
        <Dependent key="1" type="60" displayName="Carrier" parentDisplayName="Account" id="{6f2176ce-fba1-4be4-b8ac-e45cf7a1b3fd}" />
      </MissingDependency>
      <MissingDependency>
        <Required key="23" type="2" schemaName="ipg_consolidatelikecodesonclaim" displayName="Consolidate Like Codes on Claim" parentSchemaName="account" parentDisplayName="Account" solution="Active" />
        <Dependent key="1" type="60" displayName="Carrier" parentDisplayName="Account" id="{6f2176ce-fba1-4be4-b8ac-e45cf7a1b3fd}" />
      </MissingDependency>
      <MissingDependency>
        <Required key="24" type="2" schemaName="ipg_claimspaytoname" displayName="Claims Pay To Name" parentSchemaName="account" parentDisplayName="Account" solution="Active" />
        <Dependent key="1" type="60" displayName="Carrier" parentDisplayName="Account" id="{6f2176ce-fba1-4be4-b8ac-e45cf7a1b3fd}" />
      </MissingDependency>
      <MissingDependency>
        <Required key="25" type="2" schemaName="ipg_usealternatehcpcs" displayName="Use Alternate HCPCS" parentSchemaName="account" parentDisplayName="Account" solution="Active" />
        <Dependent key="1" type="60" displayName="Carrier" parentDisplayName="Account" id="{6f2176ce-fba1-4be4-b8ac-e45cf7a1b3fd}" />
      </MissingDependency>
      <MissingDependency>
        <Required key="26" type="2" schemaName="ipg_carriercptpricing" displayName="Carrier CPT Pricing" parentSchemaName="account" parentDisplayName="Account" solution="Active" />
        <Dependent key="1" type="60" displayName="Carrier" parentDisplayName="Account" id="{6f2176ce-fba1-4be4-b8ac-e45cf7a1b3fd}" />
      </MissingDependency>
      <MissingDependency>
        <Required key="27" type="2" schemaName="ipg_enableediclaimszirmed" displayName="Enable EDI Claims (ZirMed)" parentSchemaName="account" parentDisplayName="Account" solution="Active" />
        <Dependent key="1" type="60" displayName="Carrier" parentDisplayName="Account" id="{6f2176ce-fba1-4be4-b8ac-e45cf7a1b3fd}" />
      </MissingDependency>
      <MissingDependency>
        <Required key="28" type="2" schemaName="ipg_portalparent" displayName="Portal Parent" parentSchemaName="account" parentDisplayName="Account" solution="Active" />
        <Dependent key="1" type="60" displayName="Carrier" parentDisplayName="Account" id="{6f2176ce-fba1-4be4-b8ac-e45cf7a1b3fd}" />
      </MissingDependency>
      <MissingDependency>
        <Required key="29" type="2" schemaName="ipg_healthplanidbox51" displayName="Health Plan ID (Box 51)" parentSchemaName="account" parentDisplayName="Account" solution="Active" />
        <Dependent key="1" type="60" displayName="Carrier" parentDisplayName="Account" id="{6f2176ce-fba1-4be4-b8ac-e45cf7a1b3fd}" />
      </MissingDependency>
      <MissingDependency>
        <Required key="30" type="2" schemaName="ipg_claimspaytoaddress" displayName="Claims Pay To Address" parentSchemaName="account" parentDisplayName="Account" solution="Active" />
        <Dependent key="1" type="60" displayName="Carrier" parentDisplayName="Account" id="{6f2176ce-fba1-4be4-b8ac-e45cf7a1b3fd}" />
      </MissingDependency>
      <MissingDependency>
        <Required key="31" type="2" schemaName="ipg_iscarrierclaimnamesameascarriername" displayName="Is Carrier Claim Name same as Carrier Name" parentSchemaName="account" parentDisplayName="Account" solution="Active" />
        <Dependent key="1" type="60" displayName="Carrier" parentDisplayName="Account" id="{6f2176ce-fba1-4be4-b8ac-e45cf7a1b3fd}" />
      </MissingDependency>
      <MissingDependency>
        <Required key="32" type="2" schemaName="ipg_modifyhcpcswhensecondary" displayName="Modify HCPCS when Secondary" parentSchemaName="account" parentDisplayName="Account" solution="Active" />
        <Dependent key="1" type="60" displayName="Carrier" parentDisplayName="Account" id="{6f2176ce-fba1-4be4-b8ac-e45cf7a1b3fd}" />
      </MissingDependency>
      <MissingDependency>
        <Required key="33" type="2" schemaName="originatingleadid" displayName="Originating Lead" parentSchemaName="account" parentDisplayName="Account" solution="msdynce_LeadManagement (9.0.4.0066)" />
        <Dependent key="1" type="60" displayName="Carrier" parentDisplayName="Account" id="{6f2176ce-fba1-4be4-b8ac-e45cf7a1b3fd}" />
      </MissingDependency>
      <MissingDependency>
        <Required key="34" type="2" schemaName="ipg_claimsservicingprovideraddress" displayName="Claims Servicing Provider Address" parentSchemaName="account" parentDisplayName="Account" solution="Active" />
        <Dependent key="1" type="60" displayName="Carrier" parentDisplayName="Account" id="{6f2176ce-fba1-4be4-b8ac-e45cf7a1b3fd}" />
      </MissingDependency>
      <MissingDependency>
        <Required key="35" type="2" schemaName="ipg_statementtopatient" displayName="Statement To Patient" parentSchemaName="account" parentDisplayName="Account" solution="Active" />
        <Dependent key="1" type="60" displayName="Carrier" parentDisplayName="Account" id="{6f2176ce-fba1-4be4-b8ac-e45cf7a1b3fd}" />
      </MissingDependency>
      <MissingDependency>
        <Required key="36" type="2" schemaName="ipg_contractedbilledcharges" displayName="Contracted Billed Charges" parentSchemaName="account" parentDisplayName="Account" solution="Active" />
        <Dependent key="1" type="60" displayName="Carrier" parentDisplayName="Account" id="{6f2176ce-fba1-4be4-b8ac-e45cf7a1b3fd}" />
      </MissingDependency>
      <MissingDependency>
        <Required key="37" type="2" schemaName="ipg_claimspostalcode" displayName="Claims Postal Code" parentSchemaName="account" parentDisplayName="Account" solution="Active" />
        <Dependent key="1" type="60" displayName="Carrier" parentDisplayName="Account" id="{6f2176ce-fba1-4be4-b8ac-e45cf7a1b3fd}" />
      </MissingDependency>
      <MissingDependency>
        <Required key="38" type="2" schemaName="ipg_carriersupportedplantypes" displayName="Supported Plan Types" parentSchemaName="account" parentDisplayName="Account" solution="Active" />
        <Dependent key="1" type="60" displayName="Carrier" parentDisplayName="Account" id="{6f2176ce-fba1-4be4-b8ac-e45cf7a1b3fd}" />
      </MissingDependency>
      <MissingDependency>
        <Required key="39" type="2" schemaName="ipg_claimsmailingaddresspostalcode" displayName="Claims Mailing Address Postal Code" parentSchemaName="account" parentDisplayName="Account" solution="Active" />
        <Dependent key="1" type="60" displayName="Carrier" parentDisplayName="Account" id="{6f2176ce-fba1-4be4-b8ac-e45cf7a1b3fd}" />
      </MissingDependency>
      <MissingDependency>
        <Required key="40" type="2" schemaName="ipg_maxvaluefactor" displayName="Max Value Factor" parentSchemaName="account" parentDisplayName="Account" solution="Active" />
        <Dependent key="1" type="60" displayName="Carrier" parentDisplayName="Account" id="{6f2176ce-fba1-4be4-b8ac-e45cf7a1b3fd}" />
      </MissingDependency>
      <MissingDependency>
        <Required key="41" type="2" schemaName="ipg_claimsservicingprovidername" displayName="Claims Servicing Provider Name" parentSchemaName="account" parentDisplayName="Account" solution="Active" />
        <Dependent key="1" type="60" displayName="Carrier" parentDisplayName="Account" id="{6f2176ce-fba1-4be4-b8ac-e45cf7a1b3fd}" />
      </MissingDependency>
      <MissingDependency>
        <Required key="42" type="2" schemaName="ipg_claimfax" displayName="Claim Fax" parentSchemaName="account" parentDisplayName="Account" solution="Active" />
        <Dependent key="1" type="60" displayName="Carrier" parentDisplayName="Account" id="{6f2176ce-fba1-4be4-b8ac-e45cf7a1b3fd}" />
      </MissingDependency>
      <MissingDependency>
        <Required key="43" type="2" schemaName="ipg_zipcodeid" displayName="Zip" parentSchemaName="account" parentDisplayName="Account" solution="Active" />
        <Dependent key="1" type="60" displayName="Carrier" parentDisplayName="Account" id="{6f2176ce-fba1-4be4-b8ac-e45cf7a1b3fd}" />
      </MissingDependency>
      <MissingDependency>
        <Required key="44" type="2" schemaName="ipg_carrieraccepted" displayName="Carrier Accepted" parentSchemaName="account" parentDisplayName="Account" solution="Active" />
        <Dependent key="1" type="60" displayName="Carrier" parentDisplayName="Account" id="{6f2176ce-fba1-4be4-b8ac-e45cf7a1b3fd}" />
      </MissingDependency>
      <MissingDependency>
        <Required key="45" type="2" schemaName="ipg_requiredinformationtemplateid" displayName="Required Information Template Id" parentSchemaName="account" parentDisplayName="Account" solution="Active" />
        <Dependent key="1" type="60" displayName="Carrier" parentDisplayName="Account" id="{6f2176ce-fba1-4be4-b8ac-e45cf7a1b3fd}" />
      </MissingDependency>
      <MissingDependency>
        <Required key="46" type="2" schemaName="ipg_enableebvzirmed" displayName="Enable EBV (ZirMed)" parentSchemaName="account" parentDisplayName="Account" solution="Active" />
        <Dependent key="1" type="60" displayName="Carrier" parentDisplayName="Account" id="{6f2176ce-fba1-4be4-b8ac-e45cf7a1b3fd}" />
      </MissingDependency>
      <MissingDependency>
        <Required key="47" type="2" schemaName="ipg_claimname" displayName="Claim Name" parentSchemaName="account" parentDisplayName="Account" solution="Active" />
        <Dependent key="1" type="60" displayName="Carrier" parentDisplayName="Account" id="{6f2176ce-fba1-4be4-b8ac-e45cf7a1b3fd}" />
      </MissingDependency>
      <MissingDependency>
        <Required key="48" type="2" schemaName="ipg_active" displayName="Active" parentSchemaName="account" parentDisplayName="Account" solution="Active" />
        <Dependent key="1" type="60" displayName="Carrier" parentDisplayName="Account" id="{6f2176ce-fba1-4be4-b8ac-e45cf7a1b3fd}" />
      </MissingDependency>
      <MissingDependency>
        <Required key="49" type="2" schemaName="ipg_isclaimmailingaddressameasphysicaladdress" displayName="Is Claim Mailing Address same as Physical Address" parentSchemaName="account" parentDisplayName="Account" solution="Active" />
        <Dependent key="1" type="60" displayName="Carrier" parentDisplayName="Account" id="{6f2176ce-fba1-4be4-b8ac-e45cf7a1b3fd}" />
      </MissingDependency>
      <MissingDependency>
        <Required key="50" type="2" schemaName="ipg_stateid" displayName="State" parentSchemaName="account" parentDisplayName="Account" solution="Active" />
        <Dependent key="1" type="60" displayName="Carrier" parentDisplayName="Account" id="{6f2176ce-fba1-4be4-b8ac-e45cf7a1b3fd}" />
      </MissingDependency>
      <MissingDependency>
        <Required key="51" type="2" schemaName="ipg_macenabled" displayName="Mac Enabled" parentSchemaName="account" parentDisplayName="Account" solution="Active" />
        <Dependent key="1" type="60" displayName="Carrier" parentDisplayName="Account" id="{6f2176ce-fba1-4be4-b8ac-e45cf7a1b3fd}" />
      </MissingDependency>
      <MissingDependency>
        <Required key="52" type="2" schemaName="ipg_datemacenabled" displayName="Date Mac Enabled" parentSchemaName="account" parentDisplayName="Account" solution="Active" />
        <Dependent key="1" type="60" displayName="Carrier" parentDisplayName="Account" id="{6f2176ce-fba1-4be4-b8ac-e45cf7a1b3fd}" />
      </MissingDependency>
      <MissingDependency>
        <Required key="53" type="2" schemaName="ipg_externalid" displayName="externalid" parentSchemaName="account" parentDisplayName="Account" solution="Active" />
        <Dependent key="1" type="60" displayName="Carrier" parentDisplayName="Account" id="{6f2176ce-fba1-4be4-b8ac-e45cf7a1b3fd}" />
      </MissingDependency>
      <MissingDependency>
        <Required key="54" type="2" schemaName="ipg_homeplannetworkoptionset" displayName="Home Plan Network" parentSchemaName="account" parentDisplayName="Account" solution="Active" />
        <Dependent key="1" type="60" displayName="Carrier" parentDisplayName="Account" id="{6f2176ce-fba1-4be4-b8ac-e45cf7a1b3fd}" />
      </MissingDependency>
      <MissingDependency>
        <Required key="55" type="2" schemaName="ipg_accountzipcodeidselector" displayName="Account Zip Code Selector" parentSchemaName="account" parentDisplayName="Account" solution="Active" />
        <Dependent key="1" type="60" displayName="Carrier" parentDisplayName="Account" id="{6f2176ce-fba1-4be4-b8ac-e45cf7a1b3fd}" />
      </MissingDependency>
      <MissingDependency>
        <Required key="56" type="2" schemaName="ipg_billedcharges" displayName="Billed Charges %" parentSchemaName="account" parentDisplayName="Account" solution="Active" />
        <Dependent key="1" type="60" displayName="Carrier" parentDisplayName="Account" id="{6f2176ce-fba1-4be4-b8ac-e45cf7a1b3fd}" />
      </MissingDependency>
      <MissingDependency>
        <Required key="57" type="2" schemaName="ipg_validatefacilitycontract" displayName="Validate Facility Contract" parentSchemaName="account" parentDisplayName="Account" solution="Active" />
        <Dependent key="1" type="60" displayName="Carrier" parentDisplayName="Account" id="{6f2176ce-fba1-4be4-b8ac-e45cf7a1b3fd}" />
      </MissingDependency>
      <MissingDependency>
        <Required key="58" type="2" schemaName="ipg_usesecondaryhcpcs" displayName="Use Secondary HCPCS" parentSchemaName="account" parentDisplayName="Account" solution="Active" />
        <Dependent key="1" type="60" displayName="Carrier" parentDisplayName="Account" id="{6f2176ce-fba1-4be4-b8ac-e45cf7a1b3fd}" />
      </MissingDependency>
      <MissingDependency>
        <Required key="59" type="2" schemaName="ipg_zirmedid" displayName="ZirMed ID" parentSchemaName="account" parentDisplayName="Account" solution="Active" />
        <Dependent key="1" type="60" displayName="Carrier" parentDisplayName="Account" id="{6f2176ce-fba1-4be4-b8ac-e45cf7a1b3fd}" />
      </MissingDependency>
      <MissingDependency>
        <Required key="60" type="2" schemaName="ipg_allowbilledchargeedits" displayName="Allow Billed Charge Edits" parentSchemaName="account" parentDisplayName="Account" solution="Active" />
        <Dependent key="1" type="60" displayName="Carrier" parentDisplayName="Account" id="{6f2176ce-fba1-4be4-b8ac-e45cf7a1b3fd}" />
      </MissingDependency>
      <MissingDependency>
        <Required key="61" type="2" schemaName="ipg_carriernetworkid" displayName="Carrier Network" parentSchemaName="account" parentDisplayName="Account" solution="Active" />
        <Dependent key="1" type="60" displayName="Carrier" parentDisplayName="Account" id="{6f2176ce-fba1-4be4-b8ac-e45cf7a1b3fd}" />
      </MissingDependency>
      <MissingDependency>
        <Required key="62" type="10" schemaName="ipg_account_ipg_carrierprecertcpt_CarrierId" displayName="ipg_account_ipg_carrierprecertcpt_CarrierId" parentSchemaName="ipg_carrierprecertcpt" parentDisplayName="Carrier Precert CPT" solution="Active" />
        <Dependent key="1" type="60" displayName="Carrier" parentDisplayName="Account" id="{6f2176ce-fba1-4be4-b8ac-e45cf7a1b3fd}" />
      </MissingDependency>
      <MissingDependency>
        <Required key="63" type="10" schemaName="ipg_account_contact_HomePlanId" displayName="ipg_account_contact_HomePlanId" parentSchemaName="account" parentDisplayName="Account" solution="Active" />
        <Dependent key="1" type="60" displayName="Carrier" parentDisplayName="Account" id="{6f2176ce-fba1-4be4-b8ac-e45cf7a1b3fd}" />
      </MissingDependency>
      <MissingDependency>
        <Required key="64" type="10" schemaName="ipg_account_contact_AutoCarrier" displayName="ipg_account_contact_AutoCarrier" parentSchemaName="contact" parentDisplayName="Contact" solution="Active" />
        <Dependent key="1" type="60" displayName="Carrier" parentDisplayName="Account" id="{6f2176ce-fba1-4be4-b8ac-e45cf7a1b3fd}" />
      </MissingDependency>
      <MissingDependency>
        <Required key="65" type="10" schemaName="ipg_account_incident_HomePlanCarrier" displayName="ipg_account_incident_HomePlanCarrier" parentSchemaName="incident" parentDisplayName="Case" solution="Active" />
        <Dependent key="1" type="60" displayName="Carrier" parentDisplayName="Account" id="{6f2176ce-fba1-4be4-b8ac-e45cf7a1b3fd}" />
      </MissingDependency>
      <MissingDependency>
        <Required key="66" type="10" schemaName="ipg_account_ipg_ehrcarriermapping_Facility" displayName="ipg_account_ipg_ehrcarriermapping_Facility" parentSchemaName="ipg_ehrcarriermapping" parentDisplayName="EHR Carrier Mapping" solution="Active" />
        <Dependent key="1" type="60" displayName="Carrier" parentDisplayName="Account" id="{6f2176ce-fba1-4be4-b8ac-e45cf7a1b3fd}" />
      </MissingDependency>
      <MissingDependency>
        <Required key="67" type="10" schemaName="ipg_account_ipg_carrierstaterelationship_Carrier" displayName="ipg_account_ipg_carrierstaterelationship_Carrier" parentSchemaName="ipg_carrierstaterelationship" parentDisplayName="Carrier State Relationship" solution="Active" />
        <Dependent key="1" type="60" displayName="Carrier" parentDisplayName="Account" id="{6f2176ce-fba1-4be4-b8ac-e45cf7a1b3fd}" />
      </MissingDependency>
      <MissingDependency>
        <Required key="68" type="10" schemaName="ipg_manufacturer_distributor" displayName="ipg_manufacturer_distributor" parentSchemaName="account" parentDisplayName="Account" solution="Active" />
        <Dependent key="1" type="60" displayName="Carrier" parentDisplayName="Account" id="{6f2176ce-fba1-4be4-b8ac-e45cf7a1b3fd}" />
      </MissingDependency>
      <MissingDependency>
        <Required key="69" type="10" schemaName="ipg_account_ipg_unsupportedprocedure_CarrierName" displayName="ipg_account_ipg_unsupportedprocedure_CarrierName" parentSchemaName="ipg_unsupportedprocedure" parentDisplayName="Unsupported Procedure" solution="Active" />
        <Dependent key="1" type="60" displayName="Carrier" parentDisplayName="Account" id="{6f2176ce-fba1-4be4-b8ac-e45cf7a1b3fd}" />
      </MissingDependency>
      <MissingDependency>
        <Required key="70" type="10" schemaName="ipg_account_ipg_facilitymanufacturerrelationship_Facility" displayName="ipg_account_ipg_facilitymanufacturerrelationship_Facility" parentSchemaName="ipg_facilitymanufacturerrelationship" parentDisplayName="Facility Manufacturer Relationship" solution="Active" />
        <Dependent key="1" type="60" displayName="Carrier" parentDisplayName="Account" id="{6f2176ce-fba1-4be4-b8ac-e45cf7a1b3fd}" />
      </MissingDependency>
      <MissingDependency>
        <Required key="71" type="10" schemaName="ipg_ipg_zipcode_account_ClaimsPayToPostalCode" displayName="ipg_ipg_zipcode_account_ClaimsPayToPostalCode" parentSchemaName="account" parentDisplayName="Account" solution="Active" />
        <Dependent key="1" type="60" displayName="Carrier" parentDisplayName="Account" id="{6f2176ce-fba1-4be4-b8ac-e45cf7a1b3fd}" />
      </MissingDependency>
      <MissingDependency>
        <Required key="72" type="10" schemaName="ipg_ipg_zipcode_account_claimspostalcode" displayName="ipg_ipg_zipcode_account_claimspostalcode" parentSchemaName="account" parentDisplayName="Account" solution="Active" />
        <Dependent key="1" type="60" displayName="Carrier" parentDisplayName="Account" id="{6f2176ce-fba1-4be4-b8ac-e45cf7a1b3fd}" />
      </MissingDependency>
      <MissingDependency>
        <Required key="73" type="10" schemaName="ipg_account_ipg_ehrcarriermapping_Carrier" displayName="ipg_account_ipg_ehrcarriermapping_Carrier" parentSchemaName="ipg_ehrcarriermapping" parentDisplayName="EHR Carrier Mapping" solution="Active" />
        <Dependent key="1" type="60" displayName="Carrier" parentDisplayName="Account" id="{6f2176ce-fba1-4be4-b8ac-e45cf7a1b3fd}" />
      </MissingDependency>
      <MissingDependency>
        <Required key="74" type="10" schemaName="ipg_account_ipg_carrierpricinginformation_AssociatedCarrier" displayName="ipg_account_ipg_carrierpricinginformation_AssociatedCarrier" parentSchemaName="ipg_carrierpricinginformation" parentDisplayName="Carrier Pricing Information" solution="Active" />
        <Dependent key="1" type="60" displayName="Carrier" parentDisplayName="Account" id="{6f2176ce-fba1-4be4-b8ac-e45cf7a1b3fd}" />
      </MissingDependency>
      <MissingDependency>
        <Required key="75" type="10" schemaName="ipg_account_ipg_casepartdetail_DistributorId" displayName="ipg_account_ipg_casepartdetail_DistributorId" parentSchemaName="ipg_casepartdetail" parentDisplayName="Actual Part" solution="Active" />
        <Dependent key="1" type="60" displayName="Carrier" parentDisplayName="Account" id="{6f2176ce-fba1-4be4-b8ac-e45cf7a1b3fd}" />
      </MissingDependency>
      <MissingDependency>
        <Required key="76" type="10" schemaName="ipg_account_ipg_faxnumber_AccountID" displayName="ipg_account_ipg_faxnumber_AccountID" parentSchemaName="ipg_faxnumber" parentDisplayName="Fax Number" solution="Active" />
        <Dependent key="1" type="60" displayName="Carrier" parentDisplayName="Account" id="{6f2176ce-fba1-4be4-b8ac-e45cf7a1b3fd}" />
      </MissingDependency>
      <MissingDependency>
        <Required key="77" type="10" schemaName="ipg_account_ipg_casepartdetail_mManufacturerid" displayName="ipg_account_ipg_casepartdetail_mManufacturerid" parentSchemaName="ipg_casepartdetail" parentDisplayName="Actual Part" solution="Active" />
        <Dependent key="1" type="60" displayName="Carrier" parentDisplayName="Account" id="{6f2176ce-fba1-4be4-b8ac-e45cf7a1b3fd}" />
      </MissingDependency>
      <MissingDependency>
        <Required key="78" type="10" schemaName="ipg_account_product_manufacturerid" displayName="ipg_account_product_manufacturerid" parentSchemaName="product" parentDisplayName="Product" solution="Active" />
        <Dependent key="1" type="60" displayName="Carrier" parentDisplayName="Account" id="{6f2176ce-fba1-4be4-b8ac-e45cf7a1b3fd}" />
      </MissingDependency>
      <MissingDependency>
        <Required key="79" type="10" schemaName="ipg_account_adx_portalcomment_Facility" displayName="ipg_account_adx_portalcomment_Facility" parentSchemaName="account" parentDisplayName="Account" solution="Active" />
        <Dependent key="1" type="60" displayName="Carrier" parentDisplayName="Account" id="{6f2176ce-fba1-4be4-b8ac-e45cf7a1b3fd}" />
      </MissingDependency>
      <MissingDependency>
        <Required key="80" type="10" schemaName="ipg_account_ipg_facilitymanufacturerrelationship_Distributor" displayName="ipg_account_ipg_facilitymanufacturerrelationship_Distributor" parentSchemaName="ipg_facilitymanufacturerrelationship" parentDisplayName="Facility Manufacturer Relationship" solution="Active" />
        <Dependent key="1" type="60" displayName="Carrier" parentDisplayName="Account" id="{6f2176ce-fba1-4be4-b8ac-e45cf7a1b3fd}" />
      </MissingDependency>
      <MissingDependency>
        <Required key="81" type="10" schemaName="ipg_account_incident_FacilityId" displayName="ipg_account_incident_FacilityId" parentSchemaName="incident" parentDisplayName="Case" solution="Active" />
        <Dependent key="1" type="60" displayName="Carrier" parentDisplayName="Account" id="{6f2176ce-fba1-4be4-b8ac-e45cf7a1b3fd}" />
      </MissingDependency>
      <MissingDependency>
        <Required key="82" type="10" schemaName="ipg_account_ipg_casepartdetail_facilityid" displayName="ipg_account_ipg_casepartdetail_facilityid" parentSchemaName="ipg_casepartdetail" parentDisplayName="Actual Part" solution="Active" />
        <Dependent key="1" type="60" displayName="Carrier" parentDisplayName="Account" id="{6f2176ce-fba1-4be4-b8ac-e45cf7a1b3fd}" />
      </MissingDependency>
      <MissingDependency>
        <Required key="83" type="10" schemaName="ipg_account_contact_RelatedCarreirContactId" displayName="ipg_account_contact_RelatedCarreirContactId" parentSchemaName="contact" parentDisplayName="Contact" solution="Active" />
        <Dependent key="1" type="60" displayName="Carrier" parentDisplayName="Account" id="{6f2176ce-fba1-4be4-b8ac-e45cf7a1b3fd}" />
      </MissingDependency>
      <MissingDependency>
        <Required key="84" type="10" schemaName="ipg_account_contact_SecondaryCarrier" displayName="ipg_account_contact_SecondaryCarrier" parentSchemaName="contact" parentDisplayName="Contact" solution="Active" />
        <Dependent key="1" type="60" displayName="Carrier" parentDisplayName="Account" id="{6f2176ce-fba1-4be4-b8ac-e45cf7a1b3fd}" />
      </MissingDependency>
      <MissingDependency>
        <Required key="85" type="10" schemaName="adx_invitation_assigntoaccount" displayName="adx_invitation_assigntoaccount" parentSchemaName="adx_invitation" parentDisplayName="Invitation" solution="MicrosoftCrmPortalBase (9.0.12.10)" />
        <Dependent key="1" type="60" displayName="Carrier" parentDisplayName="Account" id="{6f2176ce-fba1-4be4-b8ac-e45cf7a1b3fd}" />
      </MissingDependency>
      <MissingDependency>
        <Required key="86" type="10" schemaName="ipg_account_ipg_facilitymanufacturerrelationship_Manufacturer" displayName="ipg_account_ipg_facilitymanufacturerrelationship_Manufacturer" parentSchemaName="ipg_facilitymanufacturerrelationship" parentDisplayName="Facility Manufacturer Relationship" solution="Active" />
        <Dependent key="1" type="60" displayName="Carrier" parentDisplayName="Account" id="{6f2176ce-fba1-4be4-b8ac-e45cf7a1b3fd}" />
      </MissingDependency>
      <MissingDependency>
        <Required key="87" type="10" schemaName="ipg_account_contact_CurrentFacility" displayName="ipg_account_contact_CurrentFacility" parentSchemaName="contact" parentDisplayName="Contact" solution="Active" />
        <Dependent key="1" type="60" displayName="Carrier" parentDisplayName="Account" id="{6f2176ce-fba1-4be4-b8ac-e45cf7a1b3fd}" />
      </MissingDependency>
      <MissingDependency>
        <Required key="88" type="10" schemaName="ipg_account_ipg_document_carrierid" displayName="ipg_account_ipg_document_carrierid" parentSchemaName="ipg_document" parentDisplayName="Document" solution="Active" />
        <Dependent key="1" type="60" displayName="Carrier" parentDisplayName="Account" id="{6f2176ce-fba1-4be4-b8ac-e45cf7a1b3fd}" />
      </MissingDependency>
      <MissingDependency>
        <Required key="89" type="10" schemaName="ipg_account_incident_CarrierId" displayName="ipg_account_incident_CarrierId" parentSchemaName="incident" parentDisplayName="Case" solution="Active" />
        <Dependent key="1" type="60" displayName="Carrier" parentDisplayName="Account" id="{6f2176ce-fba1-4be4-b8ac-e45cf7a1b3fd}" />
      </MissingDependency>
      <MissingDependency>
        <Required key="90" type="10" schemaName="ipg_account_ipg_carrierfeeschedule_carrierid" displayName="ipg_account_ipg_carrierfeeschedule_carrierid" parentSchemaName="ipg_carrierfeeschedule" parentDisplayName="Carrier Feeschedule Relationship" solution="Active" />
        <Dependent key="1" type="60" displayName="Carrier" parentDisplayName="Account" id="{6f2176ce-fba1-4be4-b8ac-e45cf7a1b3fd}" />
      </MissingDependency>
      <MissingDependency>
        <Required key="91" type="10" schemaName="ipg_account_incident_IPAPayerName" displayName="ipg_account_incident_IPAPayerName" parentSchemaName="account" parentDisplayName="Account" solution="Active" />
        <Dependent key="1" type="60" displayName="Carrier" parentDisplayName="Account" id="{6f2176ce-fba1-4be4-b8ac-e45cf7a1b3fd}" />
      </MissingDependency>
      <MissingDependency>
        <Required key="92" type="10" schemaName="ipg_account_ipg_benefitsverificationform_ipg_autocarrierid" displayName="ipg_account_ipg_benefitsverificationform_ipg_autocarrierid" parentSchemaName="account" parentDisplayName="Account" solution="Active" />
        <Dependent key="1" type="60" displayName="Carrier" parentDisplayName="Account" id="{6f2176ce-fba1-4be4-b8ac-e45cf7a1b3fd}" />
      </MissingDependency>
      <MissingDependency>
        <Required key="93" type="10" schemaName="ipg_account_salesorder_Manufacturer_id" displayName="ipg_account_salesorder_Manufacturer_id" parentSchemaName="salesorder" parentDisplayName="Order" solution="Active" />
        <Dependent key="1" type="60" displayName="Carrier" parentDisplayName="Account" id="{6f2176ce-fba1-4be4-b8ac-e45cf7a1b3fd}" />
      </MissingDependency>
      <MissingDependency>
        <Required key="94" type="10" schemaName="ipg_account_ipg_referral_Facility" displayName="ipg_account_ipg_referral_Facility" parentSchemaName="ipg_referral" parentDisplayName="Referral" solution="Active" />
        <Dependent key="1" type="60" displayName="Carrier" parentDisplayName="Account" id="{6f2176ce-fba1-4be4-b8ac-e45cf7a1b3fd}" />
      </MissingDependency>
      <MissingDependency>
        <Required key="95" type="10" schemaName="ipg_account_invoice_facility" displayName="ipg_account_invoice_facility" parentSchemaName="invoice" parentDisplayName="Invoice" solution="Active" />
        <Dependent key="1" type="60" displayName="Carrier" parentDisplayName="Account" id="{6f2176ce-fba1-4be4-b8ac-e45cf7a1b3fd}" />
      </MissingDependency>
      <MissingDependency>
        <Required key="96" type="10" schemaName="ipg_account_salesorder_FacilityId" displayName="ipg_account_salesorder_FacilityId" parentSchemaName="salesorder" parentDisplayName="Order" solution="Active" />
        <Dependent key="1" type="60" displayName="Carrier" parentDisplayName="Account" id="{6f2176ce-fba1-4be4-b8ac-e45cf7a1b3fd}" />
      </MissingDependency>
      <MissingDependency>
        <Required key="97" type="10" schemaName="ipg_account_ipg_contactsaccounts_Account" displayName="ipg_account_ipg_contactsaccounts_Account" parentSchemaName="ipg_contactsaccounts" parentDisplayName="Contacts Account" solution="Active" />
        <Dependent key="1" type="60" displayName="Carrier" parentDisplayName="Account" id="{6f2176ce-fba1-4be4-b8ac-e45cf7a1b3fd}" />
      </MissingDependency>
      <MissingDependency>
        <Required key="98" type="10" schemaName="ipg_account_contact_Network" displayName="ipg_account_contact_Network" parentSchemaName="account" parentDisplayName="Account" solution="Active" />
        <Dependent key="1" type="60" displayName="Carrier" parentDisplayName="Account" id="{6f2176ce-fba1-4be4-b8ac-e45cf7a1b3fd}" />
      </MissingDependency>
      <MissingDependency>
        <Required key="99" type="10" schemaName="ipg_ipg_zipcode_account_ClaimsMailingAddressPostalCode" displayName="ipg_ipg_zipcode_account_ClaimsMailingAddressPostalCode" parentSchemaName="account" parentDisplayName="Account" solution="Active" />
        <Dependent key="1" type="60" displayName="Carrier" parentDisplayName="Account" id="{6f2176ce-fba1-4be4-b8ac-e45cf7a1b3fd}" />
      </MissingDependency>
      <MissingDependency>
        <Required key="100" type="10" schemaName="ipg_account_invoice_carrierid" displayName="ipg_account_invoice_carrierid" parentSchemaName="invoice" parentDisplayName="Invoice" solution="Active" />
        <Dependent key="1" type="60" displayName="Carrier" parentDisplayName="Account" id="{6f2176ce-fba1-4be4-b8ac-e45cf7a1b3fd}" />
      </MissingDependency>
      <MissingDependency>
        <Required key="101" type="10" schemaName="ipg_account_ipg_claimshistory_carrierId" displayName="ipg_account_ipg_claimshistory_carrierId" parentSchemaName="ipg_claimshistory" parentDisplayName="Claim History" solution="Active" />
        <Dependent key="1" type="60" displayName="Carrier" parentDisplayName="Account" id="{6f2176ce-fba1-4be4-b8ac-e45cf7a1b3fd}" />
      </MissingDependency>
      <MissingDependency>
        <Required key="102" type="10" schemaName="ipg_account_entitlement_CarrierId" displayName="ipg_account_entitlement_CarrierId" parentSchemaName="entitlement" parentDisplayName="Entitlement" solution="Active" />
        <Dependent key="1" type="60" displayName="Carrier" parentDisplayName="Account" id="{6f2176ce-fba1-4be4-b8ac-e45cf7a1b3fd}" />
      </MissingDependency>
      <MissingDependency>
        <Required key="103" type="10" schemaName="ipg_account_entitlement_FacilityId" displayName="ipg_account_entitlement_FacilityId" parentSchemaName="entitlement" parentDisplayName="Entitlement" solution="Active" />
        <Dependent key="1" type="60" displayName="Carrier" parentDisplayName="Account" id="{6f2176ce-fba1-4be4-b8ac-e45cf7a1b3fd}" />
      </MissingDependency>
      <MissingDependency>
        <Required key="104" type="10" schemaName="ipg_account_ipg_unsupporteddxcode_CarrierId" displayName="ipg_account_ipg_unsupporteddxcode_CarrierId" parentSchemaName="ipg_unsupporteddxcode" parentDisplayName="Unsupported DX Code" solution="Active" />
        <Dependent key="1" type="60" displayName="Carrier" parentDisplayName="Account" id="{6f2176ce-fba1-4be4-b8ac-e45cf7a1b3fd}" />
      </MissingDependency>
      <MissingDependency>
        <Required key="105" type="10" schemaName="ipg_account_ipg_staterule_CarrierId" displayName="ipg_account_ipg_staterule_CarrierId" parentSchemaName="ipg_staterule" parentDisplayName="State Rule" solution="Active" />
        <Dependent key="1" type="60" displayName="Carrier" parentDisplayName="Account" id="{6f2176ce-fba1-4be4-b8ac-e45cf7a1b3fd}" />
      </MissingDependency>
      <MissingDependency>
        <Required key="106" type="10" schemaName="ipg_account_incident_AutoCarrier" displayName="ipg_account_incident_AutoCarrier" parentSchemaName="incident" parentDisplayName="Case" solution="Active" />
        <Dependent key="1" type="60" displayName="Carrier" parentDisplayName="Account" id="{6f2176ce-fba1-4be4-b8ac-e45cf7a1b3fd}" />
      </MissingDependency>
      <MissingDependency>
        <Required key="107" type="10" schemaName="ipg_account_ipg_homeplancarriermap_Carrier" displayName="ipg_account_ipg_homeplancarriermap_Carrier" parentSchemaName="ipg_homeplancarriermap" parentDisplayName="Home Plan Carrier Map" solution="Active" />
        <Dependent key="1" type="60" displayName="Carrier" parentDisplayName="Account" id="{6f2176ce-fba1-4be4-b8ac-e45cf7a1b3fd}" />
      </MissingDependency>
      <MissingDependency>
        <Required key="108" type="10" schemaName="ipg_ipg_zipcode_account_ZipCodeId" displayName="ipg_ipg_zipcode_account_ZipCodeId" parentSchemaName="account" parentDisplayName="Account" solution="Active" />
        <Dependent key="1" type="60" displayName="Carrier" parentDisplayName="Account" id="{6f2176ce-fba1-4be4-b8ac-e45cf7a1b3fd}" />
      </MissingDependency>
      <MissingDependency>
        <Required key="109" type="10" schemaName="ipg_account_ipg_carriermanufacturerrelationship_ManufacturerId" displayName="ipg_account_ipg_carriermanufacturerrelationship_ManufacturerId" parentSchemaName="ipg_carriermanufacturerrelationship" parentDisplayName="Carrier Manufacturer Relationship" solution="Active" />
        <Dependent key="1" type="60" displayName="Carrier" parentDisplayName="Account" id="{6f2176ce-fba1-4be4-b8ac-e45cf7a1b3fd}" />
      </MissingDependency>
      <MissingDependency>
        <Required key="110" type="10" schemaName="ipg_ipg_requiredinformationtemplate_account_RequiredInformationTemplateId" displayName="ipg_ipg_requiredinformationtemplate_account_RequiredInformationTemplateId" parentSchemaName="account" parentDisplayName="Account" solution="Active" />
        <Dependent key="1" type="60" displayName="Carrier" parentDisplayName="Account" id="{6f2176ce-fba1-4be4-b8ac-e45cf7a1b3fd}" />
      </MissingDependency>
      <MissingDependency>
        <Required key="111" type="10" schemaName="ipg_account_contact_PrimaryCarrier" displayName="ipg_account_contact_PrimaryCarrier" parentSchemaName="contact" parentDisplayName="Contact" solution="Active" />
        <Dependent key="1" type="60" displayName="Carrier" parentDisplayName="Account" id="{6f2176ce-fba1-4be4-b8ac-e45cf7a1b3fd}" />
      </MissingDependency>
      <MissingDependency>
        <Required key="112" type="10" schemaName="ipg_account_ipg_informationtyperequiredinformationrule_AccountId" displayName="ipg_account_ipg_informationtyperequiredinformationrule_AccountId" parentSchemaName="ipg_informationtyperequiredinformationrule" parentDisplayName="Information Type Required Information Rule" solution="Active" />
        <Dependent key="1" type="60" displayName="Carrier" parentDisplayName="Account" id="{6f2176ce-fba1-4be4-b8ac-e45cf7a1b3fd}" />
      </MissingDependency>
      <MissingDependency>
        <Required key="113" type="10" schemaName="ipg_account_ipg_carriermanufacturerrelationship_CarrierId" displayName="ipg_account_ipg_carriermanufacturerrelationship_CarrierId" parentSchemaName="ipg_carriermanufacturerrelationship" parentDisplayName="Carrier Manufacturer Relationship" solution="Active" />
        <Dependent key="1" type="60" displayName="Carrier" parentDisplayName="Account" id="{6f2176ce-fba1-4be4-b8ac-e45cf7a1b3fd}" />
      </MissingDependency>
      <MissingDependency>
        <Required key="114" type="10" schemaName="ipg_ipg_state_account_StateId" displayName="ipg_ipg_state_account_StateId" parentSchemaName="account" parentDisplayName="Account" solution="Active" />
        <Dependent key="1" type="60" displayName="Carrier" parentDisplayName="Account" id="{6f2176ce-fba1-4be4-b8ac-e45cf7a1b3fd}" />
      </MissingDependency>
      <MissingDependency>
        <Required key="115" type="10" schemaName="ipg_account_ipg_legacycarrierhistory_carrierId" displayName="ipg_account_ipg_legacycarrierhistory_carrierId" parentSchemaName="account" parentDisplayName="Account" solution="Active" />
        <Dependent key="1" type="60" displayName="Carrier" parentDisplayName="Account" id="{6f2176ce-fba1-4be4-b8ac-e45cf7a1b3fd}" />
      </MissingDependency>
      <MissingDependency>
        <Required key="116" type="10" schemaName="ipg_account_incident_SecondaryCarrierID" displayName="ipg_account_incident_SecondaryCarrierID" parentSchemaName="incident" parentDisplayName="Case" solution="Active" />
        <Dependent key="1" type="60" displayName="Carrier" parentDisplayName="Account" id="{6f2176ce-fba1-4be4-b8ac-e45cf7a1b3fd}" />
      </MissingDependency>
      <MissingDependency>
        <Required key="117" type="10" schemaName="ipg_account_ipg_unsupportedpart_Carrier" displayName="ipg_account_ipg_unsupportedpart_Carrier" parentSchemaName="ipg_unsupportedpart" parentDisplayName="Carrier Unsupported Part" solution="Active" />
        <Dependent key="1" type="60" displayName="Carrier" parentDisplayName="Account" id="{6f2176ce-fba1-4be4-b8ac-e45cf7a1b3fd}" />
      </MissingDependency>
      <MissingDependency>
        <Required key="118" type="10" schemaName="ipg_account_ipg_benefitsverificationform" displayName="ipg_account_ipg_benefitsverificationform" parentSchemaName="account" parentDisplayName="Account" solution="Active" />
        <Dependent key="1" type="60" displayName="Carrier" parentDisplayName="Account" id="{6f2176ce-fba1-4be4-b8ac-e45cf7a1b3fd}" />
      </MissingDependency>
      <MissingDependency>
        <Required key="119" type="10" schemaName="ipg_account_ipg_associatedcpt_CarrierId" displayName="ipg_account_ipg_associatedcpt_CarrierId" parentSchemaName="ipg_associatedcpt" parentDisplayName="Carrier CPT" solution="Active" />
        <Dependent key="1" type="60" displayName="Carrier" parentDisplayName="Account" id="{6f2176ce-fba1-4be4-b8ac-e45cf7a1b3fd}" />
      </MissingDependency>
      <MissingDependency>
        <Required key="120" type="10" schemaName="ipg_account_ipg_accountuser_Account" displayName="ipg_account_ipg_accountuser_Account" parentSchemaName="account" parentDisplayName="Account" solution="Active" />
        <Dependent key="1" type="60" displayName="Carrier" parentDisplayName="Account" id="{6f2176ce-fba1-4be4-b8ac-e45cf7a1b3fd}" />
      </MissingDependency>
      <MissingDependency>
        <Required key="121" type="10" schemaName="ipg_account_salesorder_ParentID" displayName="ipg_account_salesorder_ParentID" parentSchemaName="salesorder" parentDisplayName="Order" solution="Active" />
        <Dependent key="1" type="60" displayName="Carrier" parentDisplayName="Account" id="{6f2176ce-fba1-4be4-b8ac-e45cf7a1b3fd}" />
      </MissingDependency>
      <MissingDependency>
        <Required key="122" type="10" schemaName="ipg_account_lead_Facility" displayName="ipg_account_lead_Facility" parentSchemaName="account" parentDisplayName="Account" solution="Active" />
        <Dependent key="1" type="60" displayName="Carrier" parentDisplayName="Account" id="{6f2176ce-fba1-4be4-b8ac-e45cf7a1b3fd}" />
      </MissingDependency>
      <MissingDependency>
        <Required key="123" type="10" schemaName="ipg_ipg_carriernetwork_account_carriernetworkid" displayName="ipg_ipg_carriernetwork_account_carriernetworkid" parentSchemaName="account" parentDisplayName="Account" solution="Active" />
        <Dependent key="1" type="60" displayName="Carrier" parentDisplayName="Account" id="{6f2176ce-fba1-4be4-b8ac-e45cf7a1b3fd}" />
      </MissingDependency>
      <MissingDependency>
        <Required key="124" type="10" schemaName="ipg_account_ipg_distributor_manufacturer_relationship_Manufacturer" displayName="ipg_account_ipg_distributor_manufacturer_relationship_Manufacturer" parentSchemaName="account" parentDisplayName="Account" solution="Active" />
        <Dependent key="1" type="60" displayName="Carrier" parentDisplayName="Account" id="{6f2176ce-fba1-4be4-b8ac-e45cf7a1b3fd}" />
      </MissingDependency>
      <MissingDependency>
        <Required key="125" type="10" schemaName="ipg_account_ipg_benefitsverificationform_Homeplan" displayName="ipg_account_ipg_benefitsverificationform_Homeplan" parentSchemaName="account" parentDisplayName="Account" solution="Active" />
        <Dependent key="1" type="60" displayName="Carrier" parentDisplayName="Account" id="{6f2176ce-fba1-4be4-b8ac-e45cf7a1b3fd}" />
      </MissingDependency>
      <MissingDependency>
        <Required key="126" type="10" schemaName="ipg_account_ipg_distributor_manufacturer_relationship_Distributor" displayName="ipg_account_ipg_distributor_manufacturer_relationship_Distributor" parentSchemaName="account" parentDisplayName="Account" solution="Active" />
        <Dependent key="1" type="60" displayName="Carrier" parentDisplayName="Account" id="{6f2176ce-fba1-4be4-b8ac-e45cf7a1b3fd}" />
      </MissingDependency>
      <MissingDependency>
        <Required key="127" type="10" schemaName="ipg_account_ipg_document_FacilityId" displayName="ipg_account_ipg_document_FacilityId" parentSchemaName="ipg_document" parentDisplayName="Document" solution="Active" />
        <Dependent key="1" type="60" displayName="Carrier" parentDisplayName="Account" id="{6f2176ce-fba1-4be4-b8ac-e45cf7a1b3fd}" />
      </MissingDependency>
      <MissingDependency>
        <Required key="128" type="10" schemaName="ipg_account_invoicedetail_manufacturer" displayName="ipg_account_invoicedetail_manufacturer" parentSchemaName="invoicedetail" parentDisplayName="Invoice Product" solution="Active" />
        <Dependent key="1" type="60" displayName="Carrier" parentDisplayName="Account" id="{6f2176ce-fba1-4be4-b8ac-e45cf7a1b3fd}" />
      </MissingDependency>
      <MissingDependency>
        <Required key="129" type="10" schemaName="ipg_account_account_ParentAccount" displayName="ipg_account_account_ParentAccount" parentSchemaName="account" parentDisplayName="Account" solution="Active" />
        <Dependent key="1" type="60" displayName="Carrier" parentDisplayName="Account" id="{6f2176ce-fba1-4be4-b8ac-e45cf7a1b3fd}" />
      </MissingDependency>
      <MissingDependency>
        <Required key="130" type="10" schemaName="ipg_ipg_contacttype_contact_ContactTypeId" displayName="ipg_ipg_contacttype_contact_ContactTypeId" parentSchemaName="contact" parentDisplayName="Contact" solution="Active" />
        <Dependent key="8" type="60" displayName="Contact" parentDisplayName="Contact" id="{1fed44d1-ae68-4a41-bd2b-f13acac4acfa}" />
      </MissingDependency>
      <MissingDependency>
        <Required key="131" type="10" schemaName="ipg_ipg_contacttype_ipg_contactsubtype_ParentContactType" displayName="ipg_ipg_contacttype_ipg_contactsubtype_ParentContactType" parentSchemaName="ipg_contactsubtype" parentDisplayName="Contact Sub Type" solution="Active" />
        <Dependent key="8" type="60" displayName="Contact" parentDisplayName="Contact" id="{1fed44d1-ae68-4a41-bd2b-f13acac4acfa}" />
      </MissingDependency>
      <MissingDependency>
        <Required key="132" type="10" schemaName="ipg_ipg_contactsubtype_contact_ContactSubTypeId" displayName="ipg_ipg_contactsubtype_contact_ContactSubTypeId" parentSchemaName="contact" parentDisplayName="Contact" solution="Active" />
        <Dependent key="8" type="60" displayName="Contact" parentDisplayName="Contact" id="{1fed44d1-ae68-4a41-bd2b-f13acac4acfa}" />
      </MissingDependency>
      <MissingDependency>
        <Required key="133" type="20" displayName="Salesperson" solution="msdynce_Sales (9.0.4.0076)" id="{1c038640-3ec1-4e00-8335-3fb5ff371e70}" parentId="{a4be89ff-7c35-4d69-9900-999c3f603e6f}" />
        <Dependent key="1" type="60" displayName="Carrier" parentDisplayName="Account" id="{6f2176ce-fba1-4be4-b8ac-e45cf7a1b3fd}" />
      </MissingDependency>
      <MissingDependency>
        <Required key="134" type="20" displayName="Sales Manager" solution="msdynce_Sales (9.0.4.0076)" id="{cd4a85f5-16b1-4aea-8a1a-70efe98b53ed}" parentId="{c0ed2f4f-6f92-4691-92ba-78f2931e8fba}" />
        <Dependent key="1" type="60" displayName="Carrier" parentDisplayName="Account" id="{6f2176ce-fba1-4be4-b8ac-e45cf7a1b3fd}" />
      </MissingDependency>
      <MissingDependency>
        <Required key="135" type="26" schemaName="Active Documents" displayName="Active Documents" parentSchemaName="ipg_document" parentDisplayName="Document" solution="Active" id="{c46c01b0-f0ba-4d32-b5de-f7d4b16abe02}" />
        <Dependent key="1" type="60" displayName="Carrier" parentDisplayName="Account" id="{6f2176ce-fba1-4be4-b8ac-e45cf7a1b3fd}" />
      </MissingDependency>
      <MissingDependency>
        <Required key="136" type="26" schemaName="Zip Code Lookup View" displayName="Zip Code Lookup View" parentSchemaName="ipg_zipcode" parentDisplayName="Zip Code" solution="Active" id="{e2239b4d-3d1a-4054-a023-a648a459cb47}" />
        <Dependent key="1" type="60" displayName="Carrier" parentDisplayName="Account" id="{6f2176ce-fba1-4be4-b8ac-e45cf7a1b3fd}" />
      </MissingDependency>
      <MissingDependency>
        <Required key="137" type="26" schemaName="My Open Opportunities" displayName="My Open Opportunities" parentSchemaName="opportunity" parentDisplayName="Opportunity" solution="msdynce_Sales (9.0.4.0076)" id="{00000000-0000-0000-00aa-000010003000}" />
        <Dependent key="1" type="60" displayName="Carrier" parentDisplayName="Account" id="{6f2176ce-fba1-4be4-b8ac-e45cf7a1b3fd}" />
      </MissingDependency>
      <MissingDependency>
        <Required key="138" type="26" schemaName="Associated CPT Codes" displayName="Associated CPT Codes" parentSchemaName="ipg_associatedcpt" parentDisplayName="Carrier CPT" solution="Active" id="{e05dacd1-76c8-e811-a96d-000d3a37062b}" />
        <Dependent key="1" type="60" displayName="Carrier" parentDisplayName="Account" id="{6f2176ce-fba1-4be4-b8ac-e45cf7a1b3fd}" />
      </MissingDependency>
      <MissingDependency>
        <Required key="139" type="26" schemaName="Carrier Entitlements" displayName="Carrier Entitlements" parentSchemaName="entitlement" parentDisplayName="Entitlement" solution="Active" id="{9a0d86f9-fd6b-e911-a97d-000d3a37043b}" />
        <Dependent key="1" type="60" displayName="Carrier" parentDisplayName="Account" id="{6f2176ce-fba1-4be4-b8ac-e45cf7a1b3fd}" />
      </MissingDependency>
      <MissingDependency>
        <Required key="140" type="26" schemaName="Active Carrier Feeschedule Relationships" displayName="Active Carrier Feeschedule Relationships" parentSchemaName="ipg_carrierfeeschedule" parentDisplayName="Carrier Feeschedule Relationship" solution="Active" id="{6e293ed2-4444-4f12-b876-656e470d5902}" />
        <Dependent key="1" type="60" displayName="Carrier" parentDisplayName="Account" id="{6f2176ce-fba1-4be4-b8ac-e45cf7a1b3fd}" />
      </MissingDependency>
      <MissingDependency>
        <Required key="141" type="26" schemaName="Active Legacy Carrier Histories" displayName="Active Legacy Carrier Histories" parentSchemaName="ipg_legacycarrierhistory" parentDisplayName="Legacy Carrier History" solution="Active" id="{79a09830-91be-40a3-b812-9498396ac09a}" />
        <Dependent key="1" type="60" displayName="Carrier" parentDisplayName="Account" id="{6f2176ce-fba1-4be4-b8ac-e45cf7a1b3fd}" />
      </MissingDependency>
      <MissingDependency>
        <Required key="142" type="26" schemaName="Carrier Contact View" displayName="Carrier Contact View" parentSchemaName="contact" parentDisplayName="Contact" solution="Active" id="{3dd71b64-a2d0-e811-a968-000d3a37043b}" />
        <Dependent key="1" type="60" displayName="Carrier" parentDisplayName="Account" id="{6f2176ce-fba1-4be4-b8ac-e45cf7a1b3fd}" />
      </MissingDependency>
      <MissingDependency>
        <Required key="143" type="26" schemaName="State Lookup View" displayName="State Lookup View" parentSchemaName="ipg_state" parentDisplayName="State" solution="Active" id="{6cc9d17e-5b2a-4d73-a7e4-760fe6ed9f90}" />
        <Dependent key="1" type="60" displayName="Carrier" parentDisplayName="Account" id="{6f2176ce-fba1-4be4-b8ac-e45cf7a1b3fd}" />
      </MissingDependency>
      <MissingDependency>
        <Required key="144" type="26" schemaName="Carrier Network Lookup View" displayName="Carrier Network Lookup View" parentSchemaName="ipg_carriernetwork" parentDisplayName="Health Plan Network" solution="Active" id="{a2424001-843a-43db-aea8-80978ab339b2}" />
        <Dependent key="1" type="60" displayName="Carrier" parentDisplayName="Account" id="{6f2176ce-fba1-4be4-b8ac-e45cf7a1b3fd}" />
      </MissingDependency>
      <MissingDependency>
        <Required key="145" type="26" schemaName="Required Information Template Lookup View" displayName="Required Information Template Lookup View" parentSchemaName="ipg_requiredinformationtemplate" parentDisplayName="Required Information Template" solution="Active" id="{ec76565b-88ad-474b-9b46-9aa2f9f3c200}" />
        <Dependent key="1" type="60" displayName="Carrier" parentDisplayName="Account" id="{6f2176ce-fba1-4be4-b8ac-e45cf7a1b3fd}" />
      </MissingDependency>
      <MissingDependency>
        <Required key="146" type="26" schemaName="All Entitlements" displayName="All Entitlements" parentSchemaName="entitlement" parentDisplayName="Entitlement" solution="msdynce_Service (9.0.5.56)" id="{aa69e7e2-913a-4a5a-8609-8ca443554909}" />
        <Dependent key="1" type="60" displayName="Carrier" parentDisplayName="Account" id="{6f2176ce-fba1-4be4-b8ac-e45cf7a1b3fd}" />
      </MissingDependency>
      <MissingDependency>
        <Required key="147" type="26" schemaName="Recent Opportunities" displayName="Recent Opportunities" parentSchemaName="opportunity" parentDisplayName="Opportunity" solution="msdynce_Sales (9.0.4.0076)" id="{9c3f7ee8-eca7-e211-9fb6-00155dd0ea05}" />
        <Dependent key="1" type="60" displayName="Carrier" parentDisplayName="Account" id="{6f2176ce-fba1-4be4-b8ac-e45cf7a1b3fd}" />
      </MissingDependency>
      <MissingDependency>
        <Required key="148" type="26" schemaName="Carrier Documents" displayName="Carrier Documents" parentSchemaName="ipg_document" parentDisplayName="Document" solution="Active" id="{d689a067-1360-e911-a97b-000d3a370868}" />
        <Dependent key="1" type="60" displayName="Carrier" parentDisplayName="Account" id="{6f2176ce-fba1-4be4-b8ac-e45cf7a1b3fd}" />
      </MissingDependency>
      <MissingDependency>
        <Required key="149" type="26" schemaName="My Active Cases" displayName="My Active Cases" parentSchemaName="incident" parentDisplayName="Case" solution="msdynce_Service (9.0.5.56)" id="{00000000-0000-0000-00aa-000010001028}" />
        <Dependent key="8" type="60" displayName="Contact" parentDisplayName="Contact" id="{1fed44d1-ae68-4a41-bd2b-f13acac4acfa}" />
      </MissingDependency>
      <MissingDependency>
        <Required key="150" type="26" schemaName="All Cases for Customer" displayName="All Cases for Customer" parentSchemaName="incident" parentDisplayName="Case" solution="msdynce_Service (9.0.5.56)" id="{00000000-0000-0000-00aa-000010001039}" />
        <Dependent key="1" type="60" displayName="Carrier" parentDisplayName="Account" id="{6f2176ce-fba1-4be4-b8ac-e45cf7a1b3fd}" />
      </MissingDependency>
      <MissingDependency>
        <Required key="151" type="26" schemaName="Account Entitlements" displayName="Account Entitlements" parentSchemaName="entitlement" parentDisplayName="Entitlement" solution="msdynce_Service (9.0.5.56)" id="{961bf8aa-042f-4f4d-bcca-935bfc9a6994}" />
        <Dependent key="1" type="60" displayName="Carrier" parentDisplayName="Account" id="{6f2176ce-fba1-4be4-b8ac-e45cf7a1b3fd}" />
      </MissingDependency>
      <MissingDependency>
        <Required key="152" type="26" schemaName="Recent Cases" displayName="Recent Cases" parentSchemaName="incident" parentDisplayName="Case" solution="msdynce_Service (9.0.5.56)" id="{ebd1d24a-eea7-e211-9fb6-00155dd0ea05}" />
        <Dependent key="8" type="60" displayName="Contact" parentDisplayName="Contact" id="{1fed44d1-ae68-4a41-bd2b-f13acac4acfa}" />
      </MissingDependency>
      <MissingDependency>
        <Required key="153" type="26" schemaName="Contact Sub Type Lookup View" displayName="Contact Sub Type Lookup View" parentSchemaName="ipg_contactsubtype" parentDisplayName="Contact Sub Type" solution="Active" id="{f612388f-431c-4273-9358-0287f35ab56d}" />
        <Dependent key="8" type="60" displayName="Contact" parentDisplayName="Contact" id="{1fed44d1-ae68-4a41-bd2b-f13acac4acfa}" />
      </MissingDependency>
      <MissingDependency>
        <Required key="146" type="26" schemaName="All Entitlements" displayName="All Entitlements" parentSchemaName="entitlement" parentDisplayName="Entitlement" solution="msdynce_Service (9.0.5.56)" id="{aa69e7e2-913a-4a5a-8609-8ca443554909}" />
        <Dependent key="8" type="60" displayName="Contact" parentDisplayName="Contact" id="{1fed44d1-ae68-4a41-bd2b-f13acac4acfa}" />
      </MissingDependency>
      <MissingDependency>
        <Required key="147" type="26" schemaName="Recent Opportunities" displayName="Recent Opportunities" parentSchemaName="opportunity" parentDisplayName="Opportunity" solution="msdynce_Sales (9.0.4.0076)" id="{9c3f7ee8-eca7-e211-9fb6-00155dd0ea05}" />
        <Dependent key="8" type="60" displayName="Contact" parentDisplayName="Contact" id="{1fed44d1-ae68-4a41-bd2b-f13acac4acfa}" />
      </MissingDependency>
      <MissingDependency>
        <Required key="154" type="26" schemaName="Contact Type Lookup View" displayName="Contact Type Lookup View" parentSchemaName="ipg_contacttype" parentDisplayName="Contact Type" solution="Active" id="{a2e34d72-97ae-4a16-bfda-75e04921686f}" />
        <Dependent key="8" type="60" displayName="Contact" parentDisplayName="Contact" id="{1fed44d1-ae68-4a41-bd2b-f13acac4acfa}" />
      </MissingDependency>
      <MissingDependency>
        <Required key="137" type="26" schemaName="My Open Opportunities" displayName="My Open Opportunities" parentSchemaName="opportunity" parentDisplayName="Opportunity" solution="msdynce_Sales (9.0.4.0076)" id="{00000000-0000-0000-00aa-000010003000}" />
        <Dependent key="8" type="60" displayName="Contact" parentDisplayName="Contact" id="{1fed44d1-ae68-4a41-bd2b-f13acac4acfa}" />
      </MissingDependency>
      <MissingDependency>
        <Required key="155" type="59" schemaName="Case Mix (By Business Unit)" displayName="Case Mix (By Business Unit)" parentSchemaName="incident" parentDisplayName="Case" solution="msdynce_Service (9.0.5.56)" id="{f10375a6-4893-de11-97d4-00155da3b01e}" />
        <Dependent key="8" type="60" displayName="Contact" parentDisplayName="Contact" id="{1fed44d1-ae68-4a41-bd2b-f13acac4acfa}" />
      </MissingDependency>
      <MissingDependency>
        <Required key="156" type="59" schemaName="Top Customers" displayName="Top Customers" parentSchemaName="opportunity" parentDisplayName="Opportunity" solution="msdynce_Sales (9.0.4.0076)" id="{8bc5fb18-48f2-4782-9e16-3d452fa4ddce}" />
        <Dependent key="8" type="60" displayName="Contact" parentDisplayName="Contact" id="{1fed44d1-ae68-4a41-bd2b-f13acac4acfa}" />
      </MissingDependency>
      <MissingDependency>
        <Required key="157" type="59" schemaName="Entitlements Expiration" displayName="Entitlements Expiration" parentSchemaName="entitlement" parentDisplayName="Entitlement" solution="msdynce_Service (9.0.5.56)" id="{fdb919bb-c6fc-4fc8-8fa5-67ace68e41d1}" />
        <Dependent key="8" type="60" displayName="Contact" parentDisplayName="Contact" id="{1fed44d1-ae68-4a41-bd2b-f13acac4acfa}" />
      </MissingDependency>
      <MissingDependency>
        <Required key="156" type="59" schemaName="Top Customers" displayName="Top Customers" parentSchemaName="opportunity" parentDisplayName="Opportunity" solution="msdynce_Sales (9.0.4.0076)" id="{8bc5fb18-48f2-4782-9e16-3d452fa4ddce}" />
        <Dependent key="1" type="60" displayName="Carrier" parentDisplayName="Account" id="{6f2176ce-fba1-4be4-b8ac-e45cf7a1b3fd}" />
      </MissingDependency>
      <MissingDependency>
        <Required key="157" type="59" schemaName="Entitlements Expiration" displayName="Entitlements Expiration" parentSchemaName="entitlement" parentDisplayName="Entitlement" solution="msdynce_Service (9.0.5.56)" id="{fdb919bb-c6fc-4fc8-8fa5-67ace68e41d1}" />
        <Dependent key="1" type="60" displayName="Carrier" parentDisplayName="Account" id="{6f2176ce-fba1-4be4-b8ac-e45cf7a1b3fd}" />
      </MissingDependency>
      <MissingDependency>
        <Required key="8" type="60" displayName="Contact" parentDisplayName="Contact" solution="msdynce_AppCommon (9.0.4.0066)" id="{1fed44d1-ae68-4a41-bd2b-f13acac4acfa}" />
        <Dependent key="8" type="60" displayName="Contact" parentDisplayName="Contact" id="{1fed44d1-ae68-4a41-bd2b-f13acac4acfa}" />
      </MissingDependency>
      <MissingDependency>
        <Required key="158" type="60" displayName="account contact card" parentDisplayName="Contact" solution="msdynce_AppCommon (9.0.4.0066)" id="{29de27bc-a257-4f29-99cf-bab4a84e688f}" />
        <Dependent key="1" type="60" displayName="Carrier" parentDisplayName="Account" id="{6f2176ce-fba1-4be4-b8ac-e45cf7a1b3fd}" />
      </MissingDependency>
      <MissingDependency>
        <Required key="159" type="60" displayName="Zip code (city, state)" parentDisplayName="Zip Code" solution="Active" id="{3586fd3e-d4aa-42c0-a501-21447f4fdb6c}" />
        <Dependent key="1" type="60" displayName="Carrier" parentDisplayName="Account" id="{6f2176ce-fba1-4be4-b8ac-e45cf7a1b3fd}" />
      </MissingDependency>
      <MissingDependency>
        <Required key="158" type="60" displayName="account contact card" parentDisplayName="Contact" solution="msdynce_AppCommon (9.0.4.0066)" id="{29de27bc-a257-4f29-99cf-bab4a84e688f}" />
        <Dependent key="8" type="60" displayName="Contact" parentDisplayName="Contact" id="{1fed44d1-ae68-4a41-bd2b-f13acac4acfa}" />
      </MissingDependency>
      <MissingDependency>
        <Required key="160" type="66" schemaName="MscrmControls.InputMask.InputMaskControl" displayName="MscrmControls.InputMask.InputMaskControl" solution="CustomControlsCore (9.1.0000.13535)" />
        <Dependent key="1" type="60" displayName="Carrier" parentDisplayName="Account" id="{6f2176ce-fba1-4be4-b8ac-e45cf7a1b3fd}" />
      </MissingDependency>
      <MissingDependency>
        <Required key="161" type="66" schemaName="MscrmControls.Grid.GridControl" displayName="MscrmControls.Grid.GridControl" solution="CustomControlsCore (9.1.0000.13535)" />
        <Dependent key="1" type="60" displayName="Carrier" parentDisplayName="Account" id="{6f2176ce-fba1-4be4-b8ac-e45cf7a1b3fd}" />
      </MissingDependency>
      <MissingDependency>
        <Required key="162" type="66" schemaName="MscrmControls.FlipSwitch.FlipSwitchControl" displayName="MscrmControls.FlipSwitch.FlipSwitchControl" solution="CustomControlsCore (9.1.0000.13535)" />
        <Dependent key="1" type="60" displayName="Carrier" parentDisplayName="Account" id="{6f2176ce-fba1-4be4-b8ac-e45cf7a1b3fd}" />
      </MissingDependency>
      <MissingDependency>
        <Required key="163" type="66" schemaName="MscrmControls.LinkedInIntegration.LinkedInAccountLookupControl" displayName="MscrmControls.LinkedInIntegration.LinkedInAccountLookupControl" solution="LinkedInSalesNavigatorControlsForUnifiedClient (3.0.1.0270)" />
        <Dependent key="8" type="60" displayName="Contact" parentDisplayName="Contact" id="{1fed44d1-ae68-4a41-bd2b-f13acac4acfa}" />
      </MissingDependency>
      <MissingDependency>
        <Required key="164" type="66" schemaName="MscrmControls.LinkedInIntegration.LinkedInLeadControl" displayName="MscrmControls.LinkedInIntegration.LinkedInLeadControl" solution="LinkedInSalesNavigatorControlsForUnifiedClient (3.0.1.0270)" />
        <Dependent key="8" type="60" displayName="Contact" parentDisplayName="Contact" id="{1fed44d1-ae68-4a41-bd2b-f13acac4acfa}" />
      </MissingDependency>
      <MissingDependency>
        <Required key="165" type="66" schemaName="MscrmControls.TalkingPointsControl.TalkingPoints" displayName="MscrmControls.TalkingPointsControl.TalkingPoints" solution="Icebreakers (9.0.1.7097)" />
        <Dependent key="8" type="60" displayName="Contact" parentDisplayName="Contact" id="{1fed44d1-ae68-4a41-bd2b-f13acac4acfa}" />
      </MissingDependency>
      <MissingDependency>
        <Required key="166" type="66" schemaName="MscrmControls.CardFeedContainer.CardFeedContainer" displayName="MscrmControls.CardFeedContainer.CardFeedContainer" solution="CustomControlsCore (9.1.0000.13535)" />
        <Dependent key="1" type="60" displayName="Carrier" parentDisplayName="Account" id="{6f2176ce-fba1-4be4-b8ac-e45cf7a1b3fd}" />
      </MissingDependency>
      <MissingDependency>
        <Required key="167" type="66" schemaName="Intelligence.BusinessCardReaderControl.BusinessCardReader" displayName="Intelligence.BusinessCardReaderControl.BusinessCardReader" solution="BaseCustomControlsCore (9.0.2001.4003)" />
        <Dependent key="8" type="60" displayName="Contact" parentDisplayName="Contact" id="{1fed44d1-ae68-4a41-bd2b-f13acac4acfa}" />
      </MissingDependency>
      <MissingDependency>
        <Required key="166" type="66" schemaName="MscrmControls.CardFeedContainer.CardFeedContainer" displayName="MscrmControls.CardFeedContainer.CardFeedContainer" solution="CustomControlsCore (9.1.0000.13535)" />
        <Dependent key="8" type="60" displayName="Contact" parentDisplayName="Contact" id="{1fed44d1-ae68-4a41-bd2b-f13acac4acfa}" />
      </MissingDependency>
      <MissingDependency>
        <Required key="168" type="61" schemaName="LinkedInIntegration/Common/msdyn_LinkedInIntegrationCommon.js" displayName="LinkedInIntegration/Common/msdyn_LinkedInIntegrationCommon.js" solution="LinkedInSalesNavigatorControlsForUnifiedClient (3.0.1.0270)" />
        <Dependent key="8" type="60" displayName="Contact" parentDisplayName="Contact" id="{1fed44d1-ae68-4a41-bd2b-f13acac4acfa}" />
      </MissingDependency>
      <MissingDependency>
        <Required key="169" type="61" schemaName="msdyn_talkingpointsloader.js" displayName="msdyn_talkingpointsloader.js" solution="Icebreakers (9.0.1.7097)" />
        <Dependent key="8" type="60" displayName="Contact" parentDisplayName="Contact" id="{1fed44d1-ae68-4a41-bd2b-f13acac4acfa}" />
      </MissingDependency>
      <MissingDependency>
        <Required key="170" type="61" schemaName="ipg_/intake/utility/ShowComponentIfRecordCreated.js" displayName="ipg_/intake/utility/ShowComponentIfRecordCreated.js" solution="Active" />
        <Dependent key="1" type="60" displayName="Carrier" parentDisplayName="Account" id="{6f2176ce-fba1-4be4-b8ac-e45cf7a1b3fd}" />
      </MissingDependency>
      <MissingDependency>
        <Required key="171" type="61" schemaName="ipg_/intake/account/Carrier.js" displayName="ipg_/intake/account/Carrier.js" solution="Active" />
        <Dependent key="1" type="60" displayName="Carrier" parentDisplayName="Account" id="{6f2176ce-fba1-4be4-b8ac-e45cf7a1b3fd}" />
      </MissingDependency>
      <MissingDependency>
        <Required key="172" type="61" schemaName="ipg_/intake/Account/Account.js" displayName="ipg_/intake/Account/Account.js" solution="Active" />
        <Dependent key="1" type="60" displayName="Carrier" parentDisplayName="Account" id="{6f2176ce-fba1-4be4-b8ac-e45cf7a1b3fd}" />
      </MissingDependency>
      <MissingDependency>
        <Required key="173" type="61" schemaName="ipg_/intake/Utility.js" displayName="ipg_/intake/Utility.js" solution="Active" />
        <Dependent key="1" type="60" displayName="Carrier" parentDisplayName="Account" id="{6f2176ce-fba1-4be4-b8ac-e45cf7a1b3fd}" />
      </MissingDependency>
      <MissingDependency>
        <Required key="174" type="61" schemaName="ipg_/utility/zipcodelookup.js" displayName="ipg_/utility/zipcodelookup.js" solution="Active" />
        <Dependent key="1" type="60" displayName="Carrier" parentDisplayName="Account" id="{6f2176ce-fba1-4be4-b8ac-e45cf7a1b3fd}" />
      </MissingDependency>
      <MissingDependency>
        <Required key="175" type="61" schemaName="ipg_/intake/FilterPlanTypes.js" displayName="ipg_/intake/FilterPlanTypes.js" solution="Active" />
        <Dependent key="1" type="60" displayName="Carrier" parentDisplayName="Account" id="{6f2176ce-fba1-4be4-b8ac-e45cf7a1b3fd}" />
      </MissingDependency>
    </MissingDependencies>
  </SolutionManifest>
</ImportExportXml>