
<entities xmlns:xsd="http://www.w3.org/2001/XMLSchema" xmlns:xsi="http://www.w3.org/2001/XMLSchema-instance" timestamp="2020-02-17T14:30:47.5720628Z">
  <entity name="ipg_contactsubtype" displayname="Contact Sub Type">
    <records>
      <record id="4a258d18-284c-e911-a981-000d3a370909">
        <field name="ipg_contactsubtypeid" value="4a258d18-284c-e911-a981-000d3a370909" />
        <field name="ipg_name" value="testjason_contactsubtype" />
        <field name="ipg_parentcontacttype" value="3ed7420f-e687-47ec-8c44-a675305137bd" lookupentity="ipg_contacttype" lookupentityname="Patient" />
        <field name="statecode" value="0" />
        <field name="statuscode" value="1" />
      </record>
      <record id="dab938a7-e24c-e911-a981-000d3a370909">
        <field name="ipg_contactsubtypeid" value="dab938a7-e24c-e911-a981-000d3a370909" />
        <field name="ipg_name" value="testsubtype" />
        <field name="ipg_parentcontacttype" value="3ed7420f-e687-47ec-8c44-a675305137bd" lookupentity="ipg_contacttype" lookupentityname="Patient" />
        <field name="statecode" value="0" />
        <field name="statuscode" value="1" />
      </record>
      <record id="d06d29f4-574f-e911-a981-000d3a370909">
        <field name="ipg_contactsubtypeid" value="d06d29f4-574f-e911-a981-000d3a370909" />
        <field name="ipg_name" value="testjason2" />
        <field name="ipg_parentcontacttype" value="0b0e5fff-afe1-4da5-9c68-68842c8ca5b2" lookupentity="ipg_contacttype" lookupentityname="Distributor" />
        <field name="statecode" value="0" />
        <field name="statuscode" value="1" />
      </record>
      <record id="dffd323d-f0b8-4b8e-ba9a-15d15d05c40a">
        <field name="ipg_contactsubtypeid" value="dffd323d-f0b8-4b8e-ba9a-15d15d05c40a" />
        <field name="ipg_name" value="Manufacturer Rep" />
        <field name="ipg_parentcontacttype" value="8b383208-32b6-42b6-81bc-a0cbfed34fae" lookupentity="ipg_contacttype" lookupentityname="Manufacturer" />
        <field name="statecode" value="0" />
        <field name="statuscode" value="1" />
      </record>
      <record id="c5490f37-bca6-4b97-a247-45b40e5c3a98">
        <field name="ipg_contactsubtypeid" value="c5490f37-bca6-4b97-a247-45b40e5c3a98" />
        <field name="ipg_name" value="Manufacturer Contact" />
        <field name="ipg_parentcontacttype" value="8b383208-32b6-42b6-81bc-a0cbfed34fae" lookupentity="ipg_contacttype" lookupentityname="Manufacturer" />
        <field name="statecode" value="0" />
        <field name="statuscode" value="1" />
      </record>
      <record id="42fcfdd2-3c76-4d0a-b592-684c1c29f15c">
        <field name="ipg_contactsubtypeid" value="42fcfdd2-3c76-4d0a-b592-684c1c29f15c" />
        <field name="ipg_name" value="Administrator" />
        <field name="ipg_parentcontacttype" value="b6d48511-adbf-4ddf-8885-43d06460c63a" lookupentity="ipg_contacttype" lookupentityname="Facility" />
        <field name="statecode" value="0" />
        <field name="statuscode" value="1" />
      </record>
      <record id="a79e8d85-0bb1-4815-9d08-7caa8d0059a4">
        <field name="ipg_contactsubtypeid" value="a79e8d85-0bb1-4815-9d08-7caa8d0059a4" />
        <field name="ipg_name" value="Distributor Rep" />
        <field name="ipg_parentcontacttype" value="0b0e5fff-afe1-4da5-9c68-68842c8ca5b2" lookupentity="ipg_contacttype" lookupentityname="Distributor" />
        <field name="statecode" value="0" />
        <field name="statuscode" value="1" />
      </record>
      <record id="fbfd66d9-0931-45b1-bfe4-7f38866ce689">
        <field name="ipg_contactsubtypeid" value="fbfd66d9-0931-45b1-bfe4-7f38866ce689" />
        <field name="ipg_name" value="Contract Manager" />
        <field name="ipg_parentcontacttype" value="47724e16-c175-473f-91e3-f33d1514fca3" lookupentity="ipg_contacttype" lookupentityname="Health Plan Network" />
        <field name="statecode" value="0" />
        <field name="statuscode" value="1" />
      </record>
      <record id="d44f523e-a1b7-4179-ac4f-9132f0eccad0">
        <field name="ipg_contactsubtypeid" value="d44f523e-a1b7-4179-ac4f-9132f0eccad0" />
        <field name="ipg_name" value="Business Office Mgr." />
        <field name="ipg_parentcontacttype" value="b6d48511-adbf-4ddf-8885-43d06460c63a" lookupentity="ipg_contacttype" lookupentityname="Facility" />
        <field name="statecode" value="0" />
        <field name="statuscode" value="1" />
      </record>
      <record id="aa0d466a-0595-4e07-aee5-9ff0d6900de9">
        <field name="ipg_contactsubtypeid" value="aa0d466a-0595-4e07-aee5-9ff0d6900de9" />
        <field name="ipg_name" value="Billing/RBO" />
        <field name="ipg_parentcontacttype" value="b6d48511-adbf-4ddf-8885-43d06460c63a" lookupentity="ipg_contacttype" lookupentityname="Facility" />
        <field name="statecode" value="0" />
        <field name="statuscode" value="1" />
      </record>
      <record id="1dc21114-1255-4716-b388-a770441e26d9">
        <field name="ipg_contactsubtypeid" value="1dc21114-1255-4716-b388-a770441e26d9" />
        <field name="ipg_name" value="Medical Records" />
        <field name="ipg_parentcontacttype" value="b6d48511-adbf-4ddf-8885-43d06460c63a" lookupentity="ipg_contacttype" lookupentityname="Facility" />
        <field name="statecode" value="0" />
        <field name="statuscode" value="1" />
      </record>
      <record id="0dacc879-0e6e-4f6f-9f20-afba4eeae975">
        <field name="ipg_contactsubtypeid" value="0dacc879-0e6e-4f6f-9f20-afba4eeae975" />
        <field name="ipg_name" value="Pre-Certification" />
        <field name="ipg_parentcontacttype" value="b6d48511-adbf-4ddf-8885-43d06460c63a" lookupentity="ipg_contacttype" lookupentityname="Facility" />
        <field name="statecode" value="0" />
        <field name="statuscode" value="1" />
      </record>
      <record id="e575e6cb-d6b0-42b6-9c8b-bcb780e37959">
        <field name="ipg_contactsubtypeid" value="e575e6cb-d6b0-42b6-9c8b-bcb780e37959" />
        <field name="ipg_name" value="Network Contact" />
        <field name="ipg_parentcontacttype" value="5e9050c9-515e-46ec-9b95-65b8858876b0" lookupentity="ipg_contacttype" lookupentityname="Carrier" />
        <field name="statecode" value="0" />
        <field name="statuscode" value="1" />
      </record>
      <record id="4f229fd3-30f6-49ce-b859-c0fd6d242a45">
        <field name="ipg_contactsubtypeid" value="4f229fd3-30f6-49ce-b859-c0fd6d242a45" />
        <field name="ipg_name" value="Claim Escalation" />
        <field name="ipg_parentcontacttype" value="5e9050c9-515e-46ec-9b95-65b8858876b0" lookupentity="ipg_contacttype" lookupentityname="Carrier" />
        <field name="statecode" value="0" />
        <field name="statuscode" value="1" />
      </record>
      <record id="a3b20d31-bf94-460e-8570-c2575585abb4">
        <field name="ipg_contactsubtypeid" value="a3b20d31-bf94-460e-8570-c2575585abb4" />
        <field name="ipg_name" value="Sales" />
        <field name="ipg_parentcontacttype" value="5e9050c9-515e-46ec-9b95-65b8858876b0" lookupentity="ipg_contacttype" lookupentityname="Carrier" />
        <field name="statecode" value="0" />
        <field name="statuscode" value="1" />
      </record>
      <record id="6f7de0cd-836a-4a42-9e98-e9136cdcf38c">
        <field name="ipg_contactsubtypeid" value="6f7de0cd-836a-4a42-9e98-e9136cdcf38c" />
        <field name="ipg_name" value="Claims Inquiries" />
        <field name="ipg_parentcontacttype" value="5e9050c9-515e-46ec-9b95-65b8858876b0" lookupentity="ipg_contacttype" lookupentityname="Carrier" />
        <field name="statecode" value="0" />
        <field name="statuscode" value="1" />
      </record>
      <record id="e73d52dd-8a3b-41bc-85fc-eb59398dc736">
        <field name="ipg_contactsubtypeid" value="e73d52dd-8a3b-41bc-85fc-eb59398dc736" />
        <field name="ipg_name" value="Pre-Certification" />
        <field name="ipg_parentcontacttype" value="5e9050c9-515e-46ec-9b95-65b8858876b0" lookupentity="ipg_contacttype" lookupentityname="Carrier" />
        <field name="statecode" value="0" />
        <field name="statuscode" value="1" />
      </record>
    </records>
    <m2mrelationships />
  </entity>
  <entity name="ipg_contacttype" displayname="Contact Type">
    <records>
      <record id="69da983b-2e4c-e911-a981-000d3a370909">
        <field name="ipg_contacttypeid" value="69da983b-2e4c-e911-a981-000d3a370909" />
        <field name="ipg_name" value="testjason_contacttype2" />
        <field name="statecode" value="0" />
        <field name="statuscode" value="1" />
      </record>
      <record id="b6d48511-adbf-4ddf-8885-43d06460c63a">
        <field name="ipg_contacttypeid" value="b6d48511-adbf-4ddf-8885-43d06460c63a" />
        <field name="ipg_name" value="Facility" />
        <field name="statecode" value="0" />
        <field name="statuscode" value="1" />
      </record>
      <record id="5e9050c9-515e-46ec-9b95-65b8858876b0">
        <field name="ipg_contacttypeid" value="5e9050c9-515e-46ec-9b95-65b8858876b0" />
        <field name="ipg_name" value="Carrier" />
        <field name="statecode" value="0" />
        <field name="statuscode" value="1" />
      </record>
      <record id="0b0e5fff-afe1-4da5-9c68-68842c8ca5b2">
        <field name="ipg_contacttypeid" value="0b0e5fff-afe1-4da5-9c68-68842c8ca5b2" />
        <field name="ipg_name" value="Distributor" />
        <field name="statecode" value="0" />
        <field name="statuscode" value="1" />
      </record>
      <record id="8b383208-32b6-42b6-81bc-a0cbfed34fae">
        <field name="ipg_contacttypeid" value="8b383208-32b6-42b6-81bc-a0cbfed34fae" />
        <field name="ipg_name" value="Manufacturer" />
        <field name="statecode" value="0" />
        <field name="statuscode" value="1" />
      </record>
      <record id="3ed7420f-e687-47ec-8c44-a675305137bd">
        <field name="ipg_contacttypeid" value="3ed7420f-e687-47ec-8c44-a675305137bd" />
        <field name="ipg_name" value="Patient" />
        <field name="statecode" value="0" />
        <field name="statuscode" value="1" />
      </record>
      <record id="2b5407df-b88a-4bf4-8e6f-ab174bc13c78">
        <field name="ipg_contacttypeid" value="2b5407df-b88a-4bf4-8e6f-ab174bc13c78" />
        <field name="ipg_name" value="Physician" />
        <field name="statecode" value="0" />
        <field name="statuscode" value="1" />
      </record>
      <record id="47724e16-c175-473f-91e3-f33d1514fca3">
        <field name="ipg_contacttypeid" value="47724e16-c175-473f-91e3-f33d1514fca3" />
        <field name="ipg_name" value="Health Plan Network" />
        <field name="statecode" value="0" />
        <field name="statuscode" value="1" />
      </record>
    </records>
    <m2mrelationships />
  </entity>
</entities>