<entities >
  <entity name="ipg_contactsubtype" displayname="Contact Sub Type" etc="10360" primaryidfield="ipg_contactsubtypeid" primarynamefield="ipg_name" disableplugins="false">
    <fields>
      <field displayname="Contact Sub Type" name="ipg_contactsubtypeid" type="guid" primaryKey="true" />
      <field displayname="Name" name="ipg_name" type="string" customfield="true" />
      <field displayname="Parent Contact Type" name="ipg_parentcontacttype" type="entityreference" lookupType="ipg_contacttype" customfield="true" />
      <field displayname="Status" name="statecode" type="state" />
      <field displayname="Status Reason" name="statuscode" type="status" />
    </fields>
    <relationships />
  </entity>
  <entity name="ipg_contacttype" displayname="Contact Type" etc="10359" primaryidfield="ipg_contacttypeid" primarynamefield="ipg_name" disableplugins="false">
    <fields>
      <field displayname="Contact Type" name="ipg_contacttypeid" type="guid" primaryKey="true" />
      <field displayname="Name" name="ipg_name" type="string" customfield="true" />
      <field displayname="Status" name="statecode" type="state" />
      <field displayname="Status Reason" name="statuscode" type="status" />
    </fields>
    <relationships />
  </entity>
</entities>